_ID_;_MODEL_;_OPTIONS_
11088;M-2408-BIUSTONOSZ;"image|Цвет|Белый|1|79|1|+|0.0000|+|0|+|0.00000000|data/colors/white.jpg
image|Цвет|Жемчуг|1|197|1|+|0.0000|+|0|+|0.00000000|data/colors/jekri.jpg
select|Размер|80E|1|4|1|+|0.0000|+|0|+|0.00000000|no_image.jpg
select|Размер|80D|1|8|1|+|0.0000|+|0|+|0.00000000|no_image.jpg
select|Размер|80C|1|29|1|+|0.0000|+|0|+|0.00000000|no_image.jpg
select|Размер|75F|1|32|1|+|0.0000|+|0|+|0.00000000|no_image.jpg
select|Размер|75E|1|10|1|+|0.0000|+|0|+|0.00000000|no_image.jpg
select|Размер|75D|1|37|1|+|0.0000|+|0|+|0.00000000|no_image.jpg
select|Размер|75C|1|45|1|+|0.0000|+|0|+|0.00000000|no_image.jpg
select|Размер|75B|1|21|1|+|0.0000|+|0|+|0.00000000|no_image.jpg
select|Размер|70F|1|21|1|+|0.0000|+|0|+|0.00000000|no_image.jpg
select|Размер|70E|1|23|1|+|0.0000|+|0|+|0.00000000|no_image.jpg
select|Размер|70D|1|10|1|+|0.0000|+|0|+|0.00000000|no_image.jpg
select|Размер|70C|1|4|1|+|0.0000|+|0|+|0.00000000|no_image.jpg
select|Размер|70A|1|3|1|+|0.0000|+|0|+|0.00000000|no_image.jpg
select|Размер|65G|1|6|1|+|0.0000|+|0|+|0.00000000|no_image.jpg
select|Размер|65F|1|11|1|+|0.0000|+|0|+|0.00000000|no_image.jpg
select|Размер|65E|1|7|1|+|0.0000|+|0|+|0.00000000|no_image.jpg
select|Размер|65D|1|5|1|+|0.0000|+|0|+|0.00000000|no_image.jpg"
12240;"Dobranocka 6012 TM k";"image|Цвет|Лазурный|1|10|0|-|0.0000|+|0|+|0.00000000|data/colors/lazurnyj.jpg
select|Размер|M(38)|1|10|0|-|0.0000|+|0|+|0.00000000|no_image.jpg"
12242;"Eldar catherine mk";"image|Цвет|Черный|1|10|0|-|0.0000|+|0|+|0.00000000|data/colors/black.jpg
select|Размер|S(36)|1|10|0|-|0.0000|+|0|+|0.00000000|no_image.jpg"
12243;"Eldar margaret top";"select|Размер|L(40)|1|10|0|-|0.0000|+|0|+|0.00000000|no_image.jpg
image|Цвет|Черный|1|10|0|-|0.0000|+|0|+|0.00000000|data/colors/black.jpg"
12244;"Eldar pamela top";"select|Размер|S(36)|1|10|0|-|0.0000|+|0|+|0.00000000|no_image.jpg
image|Цвет|Черный|1|10|0|-|0.0000|+|0|+|0.00000000|data/colors/black.jpg"
12245;"Eldar roma k";"image|Цвет|Черный|1|0|0|-|0.0000|+|0|+|0.00000000|data/colors/black.jpg
image|Цвет|Темно-синий 2|1|0|0|+|0.0000|+|0|+|0.00000000|data/colors/dark_blue1.jpg
select|Размер|M(38)|1|0|0||0.0000||0||0.00000000|no_image.jpg
select|Размер|S(36)|1|0|0|-|0.0000|+|0|+|0.00000000|no_image.jpg"
12246;"Gatta Venus 20 white";"image|Цвет|Белый|1|10|0|-|0.0000|+|0|+|0.00000000|data/colors/white.jpg
select|Размер|1-2|1|10|0|-|0.0000|+|0|+|0.00000000|no_image.jpg"
12247;"Kinga 251 Monaco s";select|Размер|S(36)|1|10|0|-|0.0000|+|0|+|0.00000000|no_image.jpg
12248;"Kris Line Beatriz komp push-up";"select|Размер|75B|1|10|0|-|0.0000|+|0|+|0.00000000|no_image.jpg
select|Размер|M(38)|1|10|0|-|0.0000|+|0|+|0.00000000|no_image.jpg
image|Цвет|Шампань|1|10|0|-|0.0000|+|0|+|0.00000000|data/colors/shampan.jpg"
12249;"Kris Line Beatriz string";"select|Размер|M(38)|1|10|0|-|0.0000|+|0|+|0.00000000|no_image.jpg
image|Цвет|Шампань|1|10|0|-|0.0000|+|0|+|0.00000000|data/colors/shampan.jpg"
12250;"Kris Line Belinda black push-up";"select|Размер|70C|1|10|0|-|0.0000|+|0|+|0.00000000|no_image.jpg
image|Цвет|Черный|1|10|0|-|0.0000|+|0|+|0.00000000|data/colors/black.jpg"
12251;"Marilyn Bikini 20";"select|Размер|4|1|10|1|+|0.0000|+|0|+|0.00000000|no_image.jpg
select|Размер|3|1|10|0|-|0.0000|+|0|+|0.00000000|no_image.jpg
image|Цвет|GRIGIO|1|10|0|-|0.0000|+|0|+|0.00000000|data/colors/grigio_marilyn.jpg
image|Цвет|Черный|1|10|1|+|0.0000|+|0|+|0.00000000|data/colors/black.jpg"
12252;"Marilyn Chanel 100";"select|Размер|3/4|1|10|1|+|0.0000|+|0|+|0.00000000|no_image.jpg
select|Размер|1/2|1|10|0|+|0.0000|+|0|+|0.00000000|no_image.jpg
image|Цвет|Черный|1|10|0|-|0.0000|+|0|+|0.00000000|data/colors/black.jpg"
12253;"Marilyn Erotic Vita Bassa 30den";"image|Цвет|Черный|1|10|0|-|0.0000|+|0|+|0.00000000|data/colors/black.jpg
select|Размер|4|1|10|0|-|0.0000|+|0|+|0.00000000|no_image.jpg"
12254;"Mitex Iza";"select|Размер|L(40)|1|10|1|+|0.0000|+|0|+|0.00000000|no_image.jpg
image|Цвет|Бежевый|1|10|0|+|0.0000|+|0|+|0.00000000|data/colors/beige.jpg"
12256;"Kinga 321 Code I push-up sale";"select|Размер|75C|1|10|0|+|0.0000|+|0|+|0.00000000|no_image.jpg
select|Размер|75B|1|10|0|+|0.0000|+|0|+|0.00000000|no_image.jpg
select|Размер|70B|1|10|1|+|0.0000|+|0|+|0.00000000|no_image.jpg"
12257;"Eldar BETSY k";"select|Размер|S(36)|1|10|0|+|0.0000|+|0|+|0.00000000|no_image.jpg
image|Цвет|Черный|1|10|0|+|0.0000|+|0|+|0.00000000|data/colors/black.jpg
image|Цвет|Черный-бежевый|1|10|0|+|0.0000|+|0|+|0.00000000|data/colors/black-biege2.jpg"
12258;"Eldar PAOLA top";"select|Размер|M(38)|1|10|1|+|0.0000|+|0|+|0.00000000|no_image.jpg
select|Размер|S(36)|1|10|1|+|0.0000|+|0|+|0.00000000|no_image.jpg
select|Размер|L(40)|1|10|1|+|0.0000|+|0|+|0.00000000|no_image.jpg
select|Размер|XL(42)|1|10|1|+|0.0000|+|0|+|0.00000000|no_image.jpg
select|Размер|XXL(44)|1|10|1|+|0.0000|+|0|+|0.00000000|no_image.jpg
select|Размер|XXXL(46)|1|10|1|+|0.0000|+|0|+|0.00000000|no_image.jpg
image|Цвет|Черный|1|10|0|+|0.0000|+|0|+|0.00000000|data/colors/black.jpg"
12259;"Shato 617 x";"select|Размер|L(40)|1|10|0|+|0.0000|+|0|+|0.00000000|no_image.jpg
select|Размер|XL(42)|1|10|0|+|0.0000|+|0|+|0.00000000|no_image.jpg
select|Размер|XXL(44)|1|10|0|+|0.0000|+|0|+|0.00000000|no_image.jpg
image|Цвет|Аквамарин|1|10|0|+|0.0000|+|0|+|0.00000000|data/colors/aque.jpg"
12260;"Key LPR 097 B5 slip";"select|Размер|S(36)|1|10|0|+|0.0000|+|0|+|0.00000000|no_image.jpg
select|Размер|L(40)|1|10|0|+|0.0000|+|0|+|0.00000000|no_image.jpg"
12261;"Key LPR 535 B5 slip";"select|Размер|L(40)|1|10|0|+|0.0000|+|0|+|0.00000000|no_image.jpg
select|Размер|XL(42)|1|10|0|+|0.0000|+|0|+|0.00000000|no_image.jpg"
12262;"Key LPR 575 B5 slip";"select|Размер|S(36)|1|10|0|+|0.0000|+|0|+|0.00000000|no_image.jpg
select|Размер|L(40)|1|10|1|+|0.0000|+|0|+|0.00000000|no_image.jpg"
12263;"Key LPR 585 B5 slip";select|Размер|S(36)|1|10|0|+|0.0000|+|0|+|0.00000000|no_image.jpg
12264;"Key LPR 909 B5 slip";"select|Размер|S(36)|1|10|0|+|0.0000|+|0|+|0.00000000|no_image.jpg
select|Размер|L(40)|1|10|0|+|0.0000|+|0|+|0.00000000|no_image.jpg"
12265;"Key LPC 010 slip";"select|Размер|M(38)|1|10|0|+|0.0000|+|0|+|0.00000000|no_image.jpg
image|Цвет|Черный|1|10|0|+|0.0000|+|0|+|0.00000000|data/colors/black.jpg"
12266;"Envie IRIS banana x";select|Размер|S/M|1|10|1|+|0.0000|+|0|+|0.00000000|no_image.jpg
12267;"Envie ARKAS brown x";select|Размер|XL/XXL|1|10|1|+|0.0000|+|0|+|0.00000000|no_image.jpg
12268;"Envie POLO ROSES p";"select|Размер|M(38)|1|10|1|+|0.0000|+|0|+|0.00000000|no_image.jpg
select|Размер|S(36)|1|10|0|+|0.0000|+|0|+|0.00000000|no_image.jpg"
12269;"Envie ROSES p";select|Размер|S(36)|1|10|0|+|0.0000|+|0|+|0.00000000|no_image.jpg
12271;"Eldar ROXANA top";"image|Цвет|Черный|1|10|0|+|0.0000|+|0|+|0.00000000|data/colors/black.jpg
select|Размер|M(38)|1|10|1|+|0.0000|+|0|+|0.00000000|no_image.jpg"
12272;"Envie DJ PILLOW p";select|Размер|M(38)|1|10|0|+|0.0000|+|0|+|0.00000000|no_image.jpg
12273;"Envie ACTION p grey";select|Размер|M(48)|1|10|1|+|0.0000|+|0|+|0.00000000|no_image.jpg
12274;"Envie ENDU p blue";select|Размер|L(50)|1|10|1|+|0.0000|+|0|+|0.00000000|no_image.jpg
12275;"Envie SPORTING p";"select|Размер|M(48)|1|10|0|+|0.0000|+|0|+|0.00000000|no_image.jpg
select|Размер|XL(52)|1|10|1|+|0.0000|+|0|+|0.00000000|no_image.jpg"
12276;"Kinga 287 Innocent push-up";select|Размер|70B|1|10|0|+|0.0000|+|0|+|0.00000000|no_image.jpg
12277;"Corin Eva 53851 k sale";"select|Размер|S(36)|1|10|0|-|0.0000|+|0|+|0.00000000|no_image.jpg
image|Цвет|Темно-красный|1|10|0|-|0.0000|+|0|+|0.00000000|data/colors/temno-krasnyj.jpg"
12278;"Eldar selena f micro sale";"image|Цвет|Черный|1|10|0|-|0.0000|+|0|+|0.00000000|data/colors/black.jpg
select|Размер|L(40)|1|10|0|-|0.0000|+|0|+|0.00000000|no_image.jpg"
12280;"Zaffiro sale";"image|Цвет|Черный|1|10|0|-|0.0000|+|0|+|0.00000000|data/colors/black.jpg
select|Размер|90C|1|10|0|-|0.0000|+|0|+|0.00000000|no_image.jpg"
12281;"Ava 740 b Intimo sale";"select|Размер|80C|1|2|0|-|0.0000|+|0|+|0.00000000|no_image.jpg
select|Размер|75D|1|1|0|-|0.0000|+|0|+|0.00000000|no_image.jpg
image|Цвет|Белый|1|2|0|-|0.0000|+|0|+|0.00000000|data/colors/white.jpg
image|Цвет|Черный|1|1|0|-|0.0000|+|0|+|0.00000000|data/colors/black.jpg"
12282;"Corin Naomi 15829 b sale";select|Размер|85B|1|10|0|-|0.0000|+|0|+|0.00000000|no_image.jpg
12283;"Gaia 48 Hortensja b sale";"select|Размер|80B|1|10|0|-|0.0000|+|0|+|0.00000000|no_image.jpg
image|Цвет|Белый|1|10|0|-|0.0000|+|0|+|0.00000000|data/colors/white.jpg"
12284;"Alles Calais b sale";"select|Размер|85C|1|10|0|-|0.0000|+|0|+|0.00000000|no_image.jpg
select|Размер|75F|1|10|0|-|0.0000|+|0|+|0.00000000|no_image.jpg
select|Размер|70D|1|10|1|+|0.0000|+|0|+|0.00000000|no_image.jpg
select|Размер|70B|1|10|0|-|0.0000|+|0|+|0.00000000|no_image.jpg
image|Цвет|Шампанский|1|10|0|-|0.0000|+|0|+|0.00000000|data/colors/shampanskij.jpg"
12285;"11780 бюст sale";"image|Цвет|Черный|1|0|0|+|0.0000|+|0|+|0.00000000|data/colors/black.jpg
select|Размер|80A|1|0|0|-|0.0000|+|0|+|0.00000000|no_image.jpg
select|Размер|70B|1|0|0|-|0.0000|+|0|+|0.00000000|no_image.jpg
select|Размер|70A|1|0|0|-|0.0000|+|0|+|0.00000000|no_image.jpg"
12286;"Alles Mama II/B soft sale";"image|Цвет|Черный|1|10|0|-|0.0000|+|0|+|0.00000000|data/colors/black.jpg
select|Размер|85C|1|10|0|-|0.0000|+|0|+|0.00000000|no_image.jpg"
12287;"KEY TBC 601 B4 bra pink  sale";select|Размер|70BB|1|10|0|+|0.0000|+|0|+|0.00000000|no_image.jpg
12288;"Key TBC 601 B4 bra violet sale";"select|Размер|75AA|1|10|0|+|0.0000|+|0|+|0.00000000|no_image.jpg
select|Размер|70BB|1|10|0|+|0.0000|+|0|+|0.00000000|no_image.jpg
select|Размер|70AA|1|10|0|+|0.0000|+|0|+|0.00000000|no_image.jpg"
12289;"Key TBS 540 A4 bra sale";"select|Размер|75AA|1|10|0|+|0.0000|+|0|+|0.00000000|no_image.jpg
select|Размер|70BB|1|10|0|+|0.0000|+|0|+|0.00000000|no_image.jpg
image|Цвет|Белый|1|10|0|+|0.0000|+|0|+|0.00000000|data/colors/white.jpg
image|Цвет|Розовый|1|10|0|+|0.0000|+|0|+|0.00000000|data/colors/rozovyj.jpg"
12291;"Lupo 1324 m sale";"select|Размер|85B|1|10|1|+|0.0000|+|0|+|0.00000000|no_image.jpg
select|Размер|80C|1|10|0|-|0.0000|+|0|+|0.00000000|no_image.jpg"
12292;"Lupo 1334 m sale";select|Размер|85B|1|10|0|-|0.0000|+|0|+|0.00000000|no_image.jpg
12293;"Lupo 1381 soft white sale";select|Размер|85D|1|10|0|-|0.0000|+|0|+|0.00000000|no_image.jpg
12294;"Alles Mama Cubana soft sale";"select|Размер|85D|1|10|0|-|0.0000|+|0|+|0.00000000|no_image.jpg
image|Цвет|Черный|1|10|0|-|0.0000|+|0|+|0.00000000|data/colors/black.jpg"
12295;"Alles Mama Fruit m sale";select|Размер|85C|1|10|0|-|0.0000|+|0|+|0.00000000|no_image.jpg
12296;"11912 бюст м sale";"select|Размер|80C|1|10|0|-|0.0000|+|0|+|0.00000000|no_image.jpg
image|Цвет|Белый|1|10|0|-|0.0000|+|0|+|0.00000000|data/colors/white.jpg"
12298;"Alles Vienna 02 semi-soft sale";select|Размер|75F|1|10|0|-|0.0000|+|0|+|0.00000000|no_image.jpg
12300;"Corin Florence skin 11827 m sale";select|Размер|90D|1|10|0|-|0.0000|+|0|+|0.00000000|no_image.jpg
12301;"Corin Florence skin 12827 m sale";"select|Размер|90E|1|10|0|-|0.0000|+|0|+|0.00000000|no_image.jpg
select|Размер|85F|1|10|0|-|0.0000|+|0|+|0.00000000|no_image.jpg
select|Размер|80F|1|10|0|-|0.0000|+|0|+|0.00000000|no_image.jpg
select|Размер|75F|1|10|0|-|0.0000|+|0|+|0.00000000|no_image.jpg"
12302;"Corin Karen 12845 semi-soft sale";"select|Размер|85G|1|10|0|-|0.0000|+|0|+|0.00000000|no_image.jpg
select|Размер|80G|1|10|0|-|0.0000|+|0|+|0.00000000|no_image.jpg
select|Размер|75G|1|10|0|-|0.0000|+|0|+|0.00000000|no_image.jpg
select|Размер|75F|1|10|1|+|0.0000|+|0|+|0.00000000|no_image.jpg"
12303;"Corin Rosalie pink 12826 m sale";select|Размер|85F|1|10|0|-|0.0000|+|0|+|0.00000000|no_image.jpg
12304;"Gaia 218 Paris pink pu sale";select|Размер|95C|1|10|0|-|0.0000|+|0|+|0.00000000|no_image.jpg
12305;"Kinga SV 274 Cannes semi-soft sale";select|Размер|85D|1|10|0|+|0.0000|+|0|+|0.00000000|no_image.jpg
12306;"Konrad Viki pu sale";select|Размер|80F|1|10|0|-|0.0000|+|0|+|0.00000000|no_image.jpg
12307;"Kris Line Victoria semi-soft sale";select|Размер|85G|1|10|0|-|0.0000|+|0|+|0.00000000|no_image.jpg
12308;"11746 бюст sale";"select|Размер|80D|1|10|0|-|0.0000|+|0|+|0.00000000|no_image.jpg
image|Цвет|Белый|1|10|0|-|0.0000|+|0|+|0.00000000|data/colors/white.jpg
image|Цвет|Черный|1|10|0|-|0.0000|+|0|+|0.00000000|data/colors/black.jpg"
12309;"Lupo 1344 m sale";"image|Цвет|Розовый 2|1|10|0|-|0.0000|+|0|+|0.00000000|data/colors/magenta.jpg
select|Размер|80C|1|10|0|-|0.0000|+|0|+|0.00000000|no_image.jpg"
12310;"Alles Carla m sale";"select|Размер|85D|1|10|0|-|0.0000|+|0|+|0.00000000|no_image.jpg
select|Размер|85C|1|10|0|-|0.0000|+|0|+|0.00000000|no_image.jpg"
12311;"Alles Dzerma m sale";"select|Размер|80C|1|10|0|-|0.0000|+|0|+|0.00000000|no_image.jpg
select|Размер|75C|1|10|0|-|0.0000|+|0|+|0.00000000|no_image.jpg"
12312;"Alles Vienna 01 m sale";select|Размер|80C|1|10|0|-|0.0000|+|0|+|0.00000000|no_image.jpg
12313;"Corin Rosalie pink 11826 m sale";"select|Размер|85F|1|10|0|-|0.0000|+|0|+|0.00000000|no_image.jpg
select|Размер|85E|1|10|0|-|0.0000|+|0|+|0.00000000|no_image.jpg"
12314;"Kinga 326 Miracle soft sale";"select|Размер|80C|1|10|0|+|0.0000|+|0|+|0.00000000|no_image.jpg
select|Размер|75D|1|10|0|+|0.0000|+|0|+|0.00000000|no_image.jpg
select|Размер|75C|1|10|0|+|0.0000|+|0|+|0.00000000|no_image.jpg"
12316;"Kris line Amanda soft sale";"select|Размер|95C|1|10|0|-|0.0000|+|0|+|0.00000000|no_image.jpg
select|Размер|90C|1|10|0|-|0.0000|+|0|+|0.00000000|no_image.jpg
select|Размер|85E|1|10|0|-|0.0000|+|0|+|0.00000000|no_image.jpg
select|Размер|85D|1|10|0|-|0.0000|+|0|+|0.00000000|no_image.jpg
select|Размер|85C|1|10|0|-|0.0000|+|0|+|0.00000000|no_image.jpg"
12317;"11747/747 бюст sale";"select|Размер|90D|1|10|0|-|0.0000|+|0|+|0.00000000|no_image.jpg
select|Размер|85C|1|10|0|-|0.0000|+|0|+|0.00000000|no_image.jpg
select|Размер|80F|1|10|0|-|0.0000|+|0|+|0.00000000|no_image.jpg
select|Размер|80D|1|10|0|-|0.0000|+|0|+|0.00000000|no_image.jpg
image|Цвет|Белый|1|10|0|-|0.0000|+|0|+|0.00000000|data/colors/white.jpg
image|Цвет|Черный|1|10|0|-|0.0000|+|0|+|0.00000000|data/colors/black.jpg"
12318;"11748 бюст sale";"image|Цвет|Белый|1|10|1|+|0.0000|+|0|+|0.00000000|data/colors/white.jpg
select|Размер|80C|1|10|1|+|0.0000|+|0|+|0.00000000|no_image.jpg"
12319;"Konrad Viki p-up sale";select|Размер|75D|1|10|0|-|0.0000|+|0|+|0.00000000|no_image.jpg
12320;"Alles Calais p-up sale";"select|Размер|70C|1|10|0|-|0.0000|+|0|+|0.00000000|no_image.jpg
image|Цвет|Шампанский|1|10|0|-|0.0000|+|0|+|0.00000000|data/colors/shampanskij.jpg"
12321;"Alles Carla p-up sale";select|Размер|70C|1|10|0|-|0.0000|+|0|+|0.00000000|no_image.jpg
12323;"Alles Garden push-up granat sale";select|Размер|75B|1|10|0|+|0.0000|+|0|+|0.00000000|no_image.jpg
12324;"Alles Infini p-up sale";select|Размер|80B|1|10|0|-|0.0000|+|0|+|0.00000000|no_image.jpg
12325;"Alles Isabella p-up sale";select|Размер|70C|1|10|0|-|0.0000|+|0|+|0.00000000|no_image.jpg
12326;"Alles Izis p-up sale";"select|Размер|80B|1|10|0|-|0.0000|+|0|+|0.00000000|no_image.jpg
select|Размер|75C|1|10|0|-|0.0000|+|0|+|0.00000000|no_image.jpg"
12327;"Alles Latino p-up sale";"image|Цвет|Белый|1|1|0|+|0.0000|+|0|+|0.00000000|data/colors/white.jpg
image|Цвет|Черный|1|10|1|+|0.0000|+|0|+|0.00000000|data/colors/black.jpg
select|Размер|75C|1|10|1|+|0.0000|+|0|+|0.00000000|no_image.jpg
select|Размер|70B|1|10|0|+|0.0000|+|0|+|0.00000000|no_image.jpg
select|Размер|70A|1|10|0|+|0.0000|+|0|+|0.00000000|no_image.jpg"
12328;"Alles Monserat p-up sale";"image|Цвет|Светло-розовый|1|10|0|-|0.0000|+|0|+|0.00000000|data/colors/light_pink.jpg
select|Размер|70B|1|10|0|-|0.0000|+|0|+|0.00000000|no_image.jpg"
12329;"Alles Obsession p-up sale";select|Размер|70C|1|10|0|-|0.0000|+|0|+|0.00000000|no_image.jpg
12330;"Alles Sandra p-up sale";select|Размер|75C|1|10|0|-|0.0000|+|0|+|0.00000000|no_image.jpg
12331;"Alles Tony p-up sale";"image|Цвет|Черный|1|0|0|-|0.0000|+|0|+|0.00000000|data/colors/black.jpg
select|Размер|70B|1|0|0|-|0.0000|+|0|+|0.00000000|no_image.jpg"
12332;"Ava 1305 Virginia p-up sale";select|Размер|70C|1|10|0|-|0.0000|+|0|+|0.00000000|no_image.jpg
12333;"Corin Bella 14860 black p-up sale";"select|Размер|75B|1|10|0|-|0.0000|+|0|+|0.00000000|no_image.jpg
image|Цвет|Черный|1|10|0|-|0.0000|+|0|+|0.00000000|data/colors/black.jpg"
12334;"Corin Jenny 14862 red p-up sale";"select|Размер|75C|1|10|0|-|0.0000|+|0|+|0.00000000|no_image.jpg
select|Размер|70C|1|10|0|-|0.0000|+|0|+|0.00000000|no_image.jpg
image|Цвет|Красный|1|10|0|-|0.0000|+|0|+|0.00000000|data/colors/red.jpg"
12335;"Kinga 142 Corona p-up sale";"select|Размер|75B|1|10|0|-|0.0000|+|0|+|0.00000000|no_image.jpg
select|Размер|70C|1|10|0|-|0.0000|+|0|+|0.00000000|no_image.jpg"
12336;"Kinga 2372 p-up sale";"image|Цвет|Белый|1|10|0|-|0.0000|+|0|+|0.00000000|data/colors/white.jpg
select|Размер|70A|1|10|0|-|0.0000|+|0|+|0.00000000|no_image.jpg"
12337;"Kinga 247 Malaga p-up sale";select|Размер|70C|1|10|1|+|0.0000|+|0|+|0.00000000|no_image.jpg
12340;"Kinga 2496 Palace p-up sale";select|Размер|75B|1|10|0|-|0.0000|+|0|+|0.00000000|no_image.jpg
12341;"Kinga 2500 End p-up sale";"select|Размер|75C|1|10|0|-|0.0000|+|0|+|0.00000000|no_image.jpg
select|Размер|75B|1|10|0|-|0.0000|+|0|+|0.00000000|no_image.jpg"
12342;"Kinga 2524 Vivienne p-up sale";select|Размер|75C|1|10|0|-|0.0000|+|0|+|0.00000000|no_image.jpg
12343;"Kinga 272 Cannes p-up sale";"select|Размер|85C|1|10|0|-|0.0000|+|0|+|0.00000000|no_image.jpg
select|Размер|85B|1|10|0|-|0.0000|+|0|+|0.00000000|no_image.jpg
select|Размер|80C|1|10|0|-|0.0000|+|0|+|0.00000000|no_image.jpg
select|Размер|75D|1|10|0|-|0.0000|+|0|+|0.00000000|no_image.jpg
select|Размер|75C|1|10|0|-|0.0000|+|0|+|0.00000000|no_image.jpg
select|Размер|75B|1|10|0|-|0.0000|+|0|+|0.00000000|no_image.jpg
select|Размер|75A|1|10|0|-|0.0000|+|0|+|0.00000000|no_image.jpg
select|Размер|70C|1|10|0|-|0.0000|+|0|+|0.00000000|no_image.jpg
select|Размер|70B|1|10|0|-|0.0000|+|0|+|0.00000000|no_image.jpg
select|Размер|70A|1|10|0|-|0.0000|+|0|+|0.00000000|no_image.jpg"
12344;"Kinga 2320 Neon p-up sale";"select|Размер|75C|1|10|0|-|0.0000|+|0|+|0.00000000|no_image.jpg
select|Размер|75A|1|10|0|-|0.0000|+|0|+|0.00000000|no_image.jpg
select|Размер|70C|1|10|0|-|0.0000|+|0|+|0.00000000|no_image.jpg"
12345;"Kinga 2312 Vogue p-up sale";select|Размер|80A|1|10|0|-|0.0000|+|0|+|0.00000000|no_image.jpg
12346;"Kris line Valentina p-up sale";"select|Размер|75B|1|10|0|-|0.0000|+|0|+|0.00000000|no_image.jpg
image|Цвет|Красный|1|10|0|-|0.0000|+|0|+|0.00000000|data/colors/red.jpg"
12347;"11854 бюст sale";"select|Размер|80B|1|10|0|-|0.0000|+|0|+|0.00000000|no_image.jpg
image|Цвет|Черный|1|10|0|-|0.0000|+|0|+|0.00000000|data/colors/black.jpg"
12348;"Kinga 236 Luxury p-up b sale";select|Размер|70B|1|10|0|-|0.0000|+|0|+|0.00000000|no_image.jpg
12349;"Ava 1067 Hollywood bardotka white sale";"image|Цвет|Белый|1|10|0|-|0.0000|+|0|+|0.00000000|data/colors/white.jpg
select|Размер|80C|1|10|0|-|0.0000|+|0|+|0.00000000|no_image.jpg"
12350;"Kris line Diamond ekri push-up sale";"select|Размер|70C|1|10|0|-|0.0000|+|0|+|0.00000000|no_image.jpg
select|Размер|70B|1|10|0|-|0.0000|+|0|+|0.00000000|no_image.jpg
image|Цвет|Экри|1|10|0|-|0.0000|+|0|+|0.00000000|data/colors/jekri.jpg"
12351;"Kris Line Shine push-up sale";"select|Размер|85C|1|0|0|+|0.0000|+|0|+|0.00000000|no_image.jpg
select|Размер|80C|1|0|0|+|0.0000|+|0|+|0.00000000|no_image.jpg
select|Размер|80B|1|0|0|+|0.0000|+|0|+|0.00000000|no_image.jpg
select|Размер|80A|1|0|0|+|0.0000|+|0|+|0.00000000|no_image.jpg
select|Размер|75D|1|0|0|-|0.0000|+|0|+|0.00000000|no_image.jpg
select|Размер|75B|1|0|0|-|0.0000|+|0|+|0.00000000|no_image.jpg
select|Размер|75A|1|0|0|-|0.0000|+|0|+|0.00000000|no_image.jpg
select|Размер|70D|1|0|0|-|0.0000|+|0|+|0.00000000|no_image.jpg
select|Размер|70C|1|0|0|-|0.0000|+|0|+|0.00000000|no_image.jpg
select|Размер|70B|1|0|0|-|0.0000|+|0|+|0.00000000|no_image.jpg
image|Цвет|Черный|1|0|0|+|0.0000|+|0|+|0.00000000|data/colors/black.jpg
image|Цвет|Экри|1|0|0|-|0.0000|+|0|+|0.00000000|data/colors/jekri.jpg"
12352;"Gatta koszulka sport top sale";"select|Размер|M(38)|1|10|1|+|0.0000|+|0|+|0.00000000|no_image.jpg
image|Цвет|Черный|1|10|1|+|0.0000|+|0|+|0.00000000|data/colors/black.jpg
image|Цвет|Телесный натуральный|1|10|1|+|0.0000|+|0|+|0.00000000|data/colors/telesnyj_naturalnyj.jpg"
12353;"Alles Padme 02 p-up sale";"select|Размер|80C|1|10|0|-|0.0000|+|0|+|0.00000000|no_image.jpg
select|Размер|70C|1|10|0|-|0.0000|+|0|+|0.00000000|no_image.jpg
image|Цвет|Белый|1|10|0|-|0.0000|+|0|+|0.00000000|data/colors/white.jpg"
12354;"Kinga 2384 Lila p-up sale";"image|Цвет|Экри|1|10|0|-|0.0000|+|0|+|0.00000000|data/colors/jekri.jpg
select|Размер|75A|1|10|0|-|0.0000|+|0|+|0.00000000|no_image.jpg
select|Размер|70A|1|10|0|-|0.0000|+|0|+|0.00000000|no_image.jpg"
12355;"Ava 1156 Cambrai p-up sale";"image|Цвет|Белый|1|10|0|-|0.0000|+|0|+|0.00000000|data/colors/white.jpg
select|Размер|80B|1|10|0|-|0.0000|+|0|+|0.00000000|no_image.jpg"
12357;"Alles Candy Party full cup sale";"select|Размер|75G|1|10|0|+|0.0000|+|0|+|0.00000000|no_image.jpg
select|Размер|75F|1|10|0|+|0.0000|+|0|+|0.00000000|no_image.jpg
select|Размер|70F|1|10|1|+|0.0000|+|0|+|0.00000000|no_image.jpg
select|Размер|70E|1|10|1|+|0.0000|+|0|+|0.00000000|no_image.jpg"
12359;"Alles Chanty full cup sale";select|Размер|70C|1|10|0|+|0.0000|+|0|+|0.00000000|no_image.jpg
12360;"Alles Dubai  p-up sale";"select|Размер|80D|1|10|0|-|0.0000|+|0|+|0.00000000|no_image.jpg
select|Размер|70C|1|10|1|+|0.0000|+|0|+|0.00000000|no_image.jpg"
12362;"Alles Elena u black sale";"image|Цвет|Черный|1|10|0|-|0.0000|+|0|+|0.00000000|data/colors/black.jpg
select|Размер|75B|1|10|0|-|0.0000|+|0|+|0.00000000|no_image.jpg"
12363;"Alles Garden full cup granat sale";select|Размер|75B|1|10|0|+|0.0000|+|0|+|0.00000000|no_image.jpg
12364;"Alles Isabella full cup sale";"select|Размер|75H|1|10|1|+|0.0000|+|0|+|0.00000000|no_image.jpg
select|Размер|75F|1|10|1|+|0.0000|+|0|+|0.00000000|no_image.jpg
select|Размер|75C|1|10|0|-|0.0000|+|0|+|0.00000000|no_image.jpg"
12365;"Alles Izis full cup sale";select|Размер|90D|1|10|0|-|0.0000|+|0|+|0.00000000|no_image.jpg
12366;"Alles Joy full cup sale";"select|Размер|80F|1|10|0|-|0.0000|+|0|+|0.00000000|no_image.jpg
select|Размер|70D|1|10|0|-|0.0000|+|0|+|0.00000000|no_image.jpg"
12367;"Latino black full cup sale";"image|Цвет|Черный|1|10|0|-|0.0000|+|0|+|0.00000000|data/colors/black.jpg
select|Размер|70E|1|10|1|+|0.0000|+|0|+|0.00000000|no_image.jpg"
12368;"Alles Mama Breeze u sale";select|Размер|85C|1|10|0|-|0.0000|+|0|+|0.00000000|no_image.jpg
12369;"Alles Mama Kelly u sale";"select|Размер|75D|1|10|0|-|0.0000|+|0|+|0.00000000|no_image.jpg
image|Цвет|Бежевый|1|10|0|-|0.0000|+|0|+|0.00000000|data/colors/beige.jpg"
12370;"Alles Obsession u sale";select|Размер|75F|1|10|0|-|0.0000|+|0|+|0.00000000|no_image.jpg
12371;"Alles Vienna u sale";select|Размер|70C|1|10|0|-|0.0000|+|0|+|0.00000000|no_image.jpg
12372;"Alles Vienna 01 u sale";"select|Размер|80B|1|10|0|-|0.0000|+|0|+|0.00000000|no_image.jpg
select|Размер|70F|1|10|1|+|0.0000|+|0|+|0.00000000|no_image.jpg
select|Размер|70C|1|10|1|+|0.0000|+|0|+|0.00000000|no_image.jpg"
12374;"Alles Tony b black sale";"image|Цвет|Черный|1|10|0|-|0.0000|+|0|+|0.00000000|data/colors/black.jpg
select|Размер|75F|1|10|0|-|0.0000|+|0|+|0.00000000|no_image.jpg"
12375;"Alles Mama Coco full cup sale";select|Размер|75B|1|10|0|-|0.0000|+|0|+|0.00000000|no_image.jpg
12376;"Lupo 1392 u sale";"select|Размер|85C|1|10|0|-|0.0000|+|0|+|0.00000000|no_image.jpg
select|Размер|85B|1|10|0|-|0.0000|+|0|+|0.00000000|no_image.jpg"
12377;"Shato 120 k sale";"image|Цвет|Бирюза|1|10|0|-|0.0000|+|0|+|0.00000000|data/colors/biruza.jpg
image|Цвет|Фиолетовый|1|10|0|-|0.0000|+|0|+|0.00000000|data/colors/fioletovyj.jpg
select|Размер|M(38)|1|10|0|-|0.0000|+|0|+|0.00000000|no_image.jpg
select|Размер|S(36)|1|10|0|-|0.0000|+|0|+|0.00000000|no_image.jpg"
12378;"Shato 156 blue p sale";"image|Цвет|Голубой 2|1|10|0|-|0.0000|+|0|+|0.00000000|data/colors/goluboj2.jpg
select|Размер|S(36)|1|10|0|-|0.0000|+|0|+|0.00000000|no_image.jpg"
12379;"Shato 156 pink p sale";"image|Цвет|Розовый|1|10|0|-|0.0000|+|0|+|0.00000000|data/colors/rozovyj.jpg
select|Размер|S(36)|1|10|0|-|0.0000|+|0|+|0.00000000|no_image.jpg"
12380;"Shato 068 k sale";"select|Размер|S(36)|1|10|0|-|0.0000|+|0|+|0.00000000|no_image.jpg
image|Цвет|Коралловый|1|10|0|-|0.0000|+|0|+|0.00000000|data/colors/coral.jpg"
12381;"Gelatto sale";"select|Размер|L|1|10|0|-|0.0000|+|0|+|0.00000000|no_image.jpg
image|Цвет|Темно-синий 2|1|10|0|-|0.0000|+|0|+|0.00000000|data/colors/dark_blue1.jpg"
12382;"Savoyardi sale";"image|Цвет|Белый|1|10|0|-|0.0000|+|0|+|0.00000000|data/colors/white.jpg
image|Цвет|Розовый 2|1|10|0|-|0.0000|+|0|+|0.00000000|data/colors/magenta.jpg
select|Размер|M|1|10|0|-|0.0000|+|0|+|0.00000000|no_image.jpg
select|Размер|L|1|10|0|-|0.0000|+|0|+|0.00000000|no_image.jpg
select|Размер|S|1|10|0|-|0.0000|+|0|+|0.00000000|no_image.jpg"
12383;"Semifreddo sale";"select|Размер|L|1|10|0|-|0.0000|+|0|+|0.00000000|no_image.jpg
select|Размер|S|1|10|0|-|0.0000|+|0|+|0.00000000|no_image.jpg
image|Цвет|Белый|1|10|0|-|0.0000|+|0|+|0.00000000|data/colors/white.jpg"
12384;"AKRP 101204 sale";"select|Размер|116-122|1|10|0|-|0.0000|+|0|+|0.00000000|no_image.jpg
image|Цвет|Коричневый|1|10|0|-|0.0000|+|0|+|0.00000000|data/colors/korichnevyj.jpg"
12385;"Shato 055 k sale";"select|Размер|L(40)|1|10|0|-|0.0000|+|0|+|0.00000000|no_image.jpg
image|Цвет|Сливовый|1|10|0|-|0.0000|+|0|+|0.00000000|data/colors/slivovyj.jpg"
12386;"Eldar Tosca sale";"select|Размер|S(36)|1|10|0|-|0.0000|+|0|+|0.00000000|no_image.jpg
image|Цвет|Белый|1|10|0|-|0.0000|+|0|+|0.00000000|data/colors/white.jpg"
12387;"Enigma sale";"image|Цвет|Темно-серый|1|10|0|-|0.0000|+|0|+|0.00000000|data/colors/temnoseriy1.jpg
select|Размер|S/M|1|10|0|-|0.0000|+|0|+|0.00000000|no_image.jpg"
12389;"Mona Nesna 09 sale";"image|Цвет|Серый|1|10|0|-|0.0000|+|0|+|0.00000000|data/colors/seryj.jpg
select|Размер|3|1|10|0|-|0.0000|+|0|+|0.00000000|no_image.jpg"
12390;"Gatta Capri 40 sale";"image|Цвет|Черный|1|10|0|-|0.0000|+|0|+|0.00000000|data/colors/black.jpg
select|Размер|3|1|10|0|-|0.0000|+|0|+|0.00000000|no_image.jpg
select|Размер|2|1|10|0|-|0.0000|+|0|+|0.00000000|no_image.jpg"
12391;"Gatta Riyo 60 sale";"select|Размер|3|1|10|0|-|0.0000|+|0|+|0.00000000|no_image.jpg
image|Цвет|Черный-серебро|1|10|0|-|0.0000|+|0|+|0.00000000|data/colors/night_silver.jpg"
12392;"Kinga 2500 End f sale";select|Размер|M(38)|1|10|0|-|0.0000|+|0|+|0.00000000|no_image.jpg
12393;"Charmante Daevis 20 sale";"select|Размер|L/XL|1|10|0|-|0.0000|+|0|+|0.00000000|no_image.jpg
select|Размер|S/M|1|10|1|+|0.0000|+|0|+|0.00000000|no_image.jpg
image|Цвет|GRIGIO|1|10|0|-|0.0000|+|0|+|0.00000000|data/colors/grigio_marilyn.jpg"
12394;"Garigliano 20 sale";"select|Размер|1/2|1|0|0|-|0.0000|+|0|+|0.00000000|no_image.jpg
image|Цвет|Черный|1|0|0|-|0.0000|+|0|+|0.00000000|data/colors/black.jpg
image|Цвет|Антрацит|1|0|0|-|0.0000|+|0|+|0.00000000|data/colors/antracit.jpg
image|Цвет|Горький шоколад|1|0|0|-|0.0000|+|0|+|0.00000000|data/colors/gorkij_shokolad.jpg"
12395;"Ivy 20 sale";"select|Размер|3|1|10|0|-|0.0000|+|0|+|0.00000000|no_image.jpg
image|Цвет|Черный|1|10|0|-|0.0000|+|0|+|0.00000000|data/colors/black.jpg"
12396;"Nastra 20 sale";"select|Размер|4|1|10|0|-|0.0000|+|0|+|0.00000000|no_image.jpg
select|Размер|3|1|10|0|-|0.0000|+|0|+|0.00000000|no_image.jpg
select|Размер|1/2|1|10|0|-|0.0000|+|0|+|0.00000000|no_image.jpg
image|Цвет|Черный|1|10|0|-|0.0000|+|0|+|0.00000000|data/colors/black.jpg"
12397;"Ramoscello 20 sale";"select|Размер|1/2|1|10|0|-|0.0000|+|0|+|0.00000000|no_image.jpg
image|Цвет|Черный|1|10|0|-|0.0000|+|0|+|0.00000000|data/colors/black.jpg"
12398;"Savuti 40 sale";"select|Размер|1/2|1|10|0|-|0.0000|+|0|+|0.00000000|no_image.jpg
image|Цвет|Антрацит|1|10|0|-|0.0000|+|0|+|0.00000000|data/colors/antracit.jpg"
12399;"Sieve 40 sale";"select|Размер|1/2|1|10|0|-|0.0000|+|0|+|0.00000000|no_image.jpg
image|Цвет|Антрацит|1|10|0|-|0.0000|+|0|+|0.00000000|data/colors/antracit.jpg"
12400;"SP Love sale";"image|Цвет|Белый|1|10|0|-|0.0000|+|0|+|0.00000000|data/colors/white.jpg
select|Размер|4|1|10|0|-|0.0000|+|0|+|0.00000000|no_image.jpg"
12401;"Charmante SP Neorin 20 sale";"image|Цвет|Белый|1|10|0|-|0.0000|+|0|+|0.00000000|data/colors/white.jpg
image|Цвет|Слоновая кость|1|10|0|-|0.0000|+|0|+|0.00000000|data/colors/slonovaja_kost.jpg
select|Размер|S/M|1|10|0|-|0.0000|+|0|+|0.00000000|no_image.jpg"
12402;"Charmante Pontia 20 sale";"select|Размер|L/XL|1|10|0|-|0.0000|+|0|+|0.00000000|no_image.jpg
image|Цвет|Горький шоколад|1|10|0|-|0.0000|+|0|+|0.00000000|data/colors/gorkij_shokolad.jpg"
12403;"Charmante Sempera 20 sale";"image|Цвет|Черный|1|10|0|-|0.0000|+|0|+|0.00000000|data/colors/black.jpg
select|Размер|L/XL|1|10|0|-|0.0000|+|0|+|0.00000000|no_image.jpg"
12404;"Piruetta 60 sale";"select|Размер|116-122|1|0|0|-|0.0000|+|0|+|0.00000000|no_image.jpg
image|Цвет|Телесный натуральный|1|0|0|-|0.0000|+|0|+|0.00000000|data/colors/telesnyj_naturalnyj.jpg"
12405;"Cipresso 80 sale";"select|Размер|3|1|10|0|-|0.0000|+|0|+|0.00000000|no_image.jpg
image|Цвет|Черный|1|10|0|-|0.0000|+|0|+|0.00000000|data/colors/black.jpg
image|Цвет|Антрацит|1|10|0|-|0.0000|+|0|+|0.00000000|data/colors/antracit.jpg"
12406;"Mirta 80 sale";"select|Размер|1/2|1|10|0|-|0.0000|+|0|+|0.00000000|no_image.jpg
image|Цвет|Антрацит|1|10|0|-|0.0000|+|0|+|0.00000000|data/colors/antracit.jpg"
12407;"Tapioca 80 sale";"select|Размер|3|1|10|0|-|0.0000|+|0|+|0.00000000|no_image.jpg
select|Размер|1/2|1|10|0|-|0.0000|+|0|+|0.00000000|no_image.jpg
image|Цвет|Коричневый|1|10|0|-|0.0000|+|0|+|0.00000000|data/colors/korichnevyj.jpg
image|Цвет|Темно-серый|1|10|0|-|0.0000|+|0|+|0.00000000|data/colors/temnoseriy1.jpg"
12409;"Charmante ROMBO PRADA sale";"select|Размер|1/2|1|10|0|-|0.0000|+|0|+|0.00000000|no_image.jpg
image|Цвет|Темно-серый|1|10|0|-|0.0000|+|0|+|0.00000000|data/colors/temnoseriy1.jpg"
12410;"Charmante SP Sandby 20 sale";"image|Цвет|Белый|1|10|0|-|0.0000|+|0|+|0.00000000|data/colors/white.jpg
select|Размер|S/M|1|10|0|-|0.0000|+|0|+|0.00000000|no_image.jpg"
12411;"Dolce vb 150 sale";"image|Цвет|Черный|1|10|0|-|0.0000|+|0|+|0.00000000|data/colors/black.jpg
select|Размер|4|1|10|0|-|0.0000|+|0|+|0.00000000|no_image.jpg"
12412;"Fata 150 sale";"image|Цвет|Черный|1|10|0|-|0.0000|+|0|+|0.00000000|data/colors/black.jpg
select|Размер|5(XL)|1|10|0|-|0.0000|+|0|+|0.00000000|no_image.jpg"
12413;"Inverno comfort 150 sale";"select|Размер|1/2|1|10|0|-|0.0000|+|0|+|0.00000000|no_image.jpg
image|Цвет|Черный|1|10|0|-|0.0000|+|0|+|0.00000000|data/colors/black.jpg"
12414;"Gatta Girl-Up 12 sale";"select|Размер|4|1|10|0|-|0.0000|+|0|+|0.00000000|no_image.jpg
image|Цвет|Черный|1|10|0|-|0.0000|+|0|+|0.00000000|data/colors/black.jpg"
12415;"Marilyn Rubens 20/40 sale";"image|Цвет|Черный|1|10|0|-|0.0000|+|0|+|0.00000000|data/colors/black.jpg
select|Размер|4|1|10|0|-|0.0000|+|0|+|0.00000000|no_image.jpg"
12416;"Marilyn Style 40 sale";"select|Размер|4|1|10|0|-|0.0000|+|0|+|0.00000000|no_image.jpg
select|Размер|3|1|10|0|-|0.0000|+|0|+|0.00000000|no_image.jpg
image|Цвет|Черный|1|10|0|-|0.0000|+|0|+|0.00000000|data/colors/black.jpg"
12417;"Marilyn Super 20 sale";"select|Размер|3|1|10|0|-|0.0000|+|0|+|0.00000000|no_image.jpg
image|Цвет|VISONE|1|10|0|-|0.0000|+|0|+|0.00000000|data/colors/visone_marilyn.jpg
image|Цвет|ANTRACIT|1|10|0|-|0.0000|+|0|+|0.00000000|data/colors/antracit_marilyn.jpg
image|Цвет|Черный|1|10|0|-|0.0000|+|0|+|0.00000000|data/colors/black.jpg"
12418;"Mona Averoj 03 sale";"select|Размер|4|1|0|0|+|0.0000|+|0|+|0.00000000|no_image.jpg
select|Размер|2|1|0|0|-|0.0000|+|0|+|0.00000000|no_image.jpg
image|Цвет|GRIGIO|1|0|0|+|0.0000|+|0|+|0.00000000|data/colors/grigio_marilyn.jpg
image|Цвет|Кремовый|1|0|0|-|0.0000|+|0|+|0.00000000|data/colors/kremovyj.jpg"
12419;"Mona Averoj 08 sale";"image|Цвет|Кремовый|1|10|0|+|0.0000|+|0|+|0.00000000|data/colors/kremovyj.jpg
image|Цвет|Черный|1|10|0|-|0.0000|+|0|+|0.00000000|data/colors/black.jpg
select|Размер|4|1|10|0|-|0.0000|+|0|+|0.00000000|no_image.jpg
select|Размер|3|1|10|0|-|0.0000|+|0|+|0.00000000|no_image.jpg
select|Размер|2|1|10|0|-|0.0000|+|0|+|0.00000000|no_image.jpg"
12420;"Adrian Kiara 20 sale";"image|Цвет|Черный|1|10|0|-|0.0000|+|0|+|0.00000000|data/colors/black.jpg
select|Размер|5|1|10|0|-|0.0000|+|0|+|0.00000000|no_image.jpg"
12421;"Adrian Perla 40 sale";"select|Размер|6|1|10|0|-|0.0000|+|0|+|0.00000000|no_image.jpg
select|Размер|5|1|10|0|-|0.0000|+|0|+|0.00000000|no_image.jpg
image|Цвет|Черный|1|10|0|-|0.0000|+|0|+|0.00000000|data/colors/black.jpg"
12422;"Alles Calais komp p-up sale";"select|Размер|70C|1|10|0|-|0.0000|+|0|+|0.00000000|no_image.jpg
select|Размер|70B|1|10|0|-|0.0000|+|0|+|0.00000000|no_image.jpg
select|Размер|S(36)|1|10|0|-|0.0000|+|0|+|0.00000000|no_image.jpg
select|Размер|XL(42)|1|10|0|-|0.0000|+|0|+|0.00000000|no_image.jpg
image|Цвет|Шампанский|1|10|0|-|0.0000|+|0|+|0.00000000|data/colors/shampanskij.jpg"
12423;"Alles Calais komp bardotka sale";"image|Цвет|Шампанский|1|10|0|-|0.0000|+|0|+|0.00000000|data/colors/shampanskij.jpg
select|Размер|85C|1|10|0|-|0.0000|+|0|+|0.00000000|no_image.jpg
select|Размер|75F|1|10|0|-|0.0000|+|0|+|0.00000000|no_image.jpg
select|Размер|70D|1|10|1|+|0.0000|+|0|+|0.00000000|no_image.jpg
select|Размер|70B|1|10|0|-|0.0000|+|0|+|0.00000000|no_image.jpg
select|Размер|S(36)|1|10|0|-|0.0000|+|0|+|0.00000000|no_image.jpg
select|Размер|XL(42)|1|10|0|-|0.0000|+|0|+|0.00000000|no_image.jpg"
12424;"Alles Carla komp soft sale";"select|Размер|85D|1|10|0|-|0.0000|+|0|+|0.00000000|no_image.jpg
select|Размер|85C|1|10|0|-|0.0000|+|0|+|0.00000000|no_image.jpg
select|Размер|XL(42)|1|10|0|-|0.0000|+|0|+|0.00000000|no_image.jpg"
12425;"Alles Dzerma komp sale";"select|Размер|80C|1|10|0|-|0.0000|+|0|+|0.00000000|no_image.jpg
select|Размер|75C|1|10|0|-|0.0000|+|0|+|0.00000000|no_image.jpg
select|Размер|L(40)|1|10|0|-|0.0000|+|0|+|0.00000000|no_image.jpg
select|Размер|XL(42)|1|10|0|-|0.0000|+|0|+|0.00000000|no_image.jpg"
12426;"Alles Elena full cup  komp white sale";"image|Цвет|Белый|1|10|0|-|0.0000|+|0|+|0.00000000|data/colors/white.jpg
select|Размер|80D|1|10|0|-|0.0000|+|0|+|0.00000000|no_image.jpg
select|Размер|70C|1|10|0|-|0.0000|+|0|+|0.00000000|no_image.jpg
select|Размер|L(40)|1|10|0|+|0.0000|+|0|+|0.00000000|no_image.jpg"
12428;"Alles Isabella komp full cup sale";"select|Размер|75H|1|10|0|-|0.0000|+|0|+|0.00000000|no_image.jpg
select|Размер|75F|1|10|0|-|0.0000|+|0|+|0.00000000|no_image.jpg
select|Размер|75C|1|10|0|-|0.0000|+|0|+|0.00000000|no_image.jpg
select|Размер|S(36)|1|10|0|-|0.0000|+|0|+|0.00000000|no_image.jpg"
12429;"Alles Isabella komp p-up sale";"select|Размер|70C|1|10|0|-|0.0000|+|0|+|0.00000000|no_image.jpg
select|Размер|S(36)|1|10|0|-|0.0000|+|0|+|0.00000000|no_image.jpg"
12430;"Alles Joy komp full cup sale";"select|Размер|80F|1|10|0|+|0.0000|+|0|+|0.00000000|no_image.jpg
select|Размер|70D|1|10|0|-|0.0000|+|0|+|0.00000000|no_image.jpg
select|Размер|M(38)|1|10|0|-|0.0000|+|0|+|0.00000000|no_image.jpg
select|Размер|L(40)|1|10|0|-|0.0000|+|0|+|0.00000000|no_image.jpg"
12431;"Alles Obsession komp full cup sale";"select|Размер|75F|1|10|0|-|0.0000|+|0|+|0.00000000|no_image.jpg
select|Размер|M(38)|1|10|0|-|0.0000|+|0|+|0.00000000|no_image.jpg
select|Размер|S(36)|1|10|0|-|0.0000|+|0|+|0.00000000|no_image.jpg
select|Размер|XL(42)|1|10|1|+|0.0000|+|0|+|0.00000000|no_image.jpg"
12432;"Alles Obsession komp p-up sale";"select|Размер|70C|1|10|0|-|0.0000|+|0|+|0.00000000|no_image.jpg
select|Размер|M(38)|1|10|0|-|0.0000|+|0|+|0.00000000|no_image.jpg
select|Размер|S(36)|1|10|0|-|0.0000|+|0|+|0.00000000|no_image.jpg"
12433;"Alles Vienna 01 komp full cup sale";"select|Размер|80B|1|10|0|-|0.0000|+|0|+|0.00000000|no_image.jpg
select|Размер|70F|1|10|1|+|0.0000|+|0|+|0.00000000|no_image.jpg
select|Размер|70C|1|10|1|+|0.0000|+|0|+|0.00000000|no_image.jpg
select|Размер|M(38)|1|10|0|-|0.0000|+|0|+|0.00000000|no_image.jpg
select|Размер|L(40)|1|10|0|-|0.0000|+|0|+|0.00000000|no_image.jpg"
12434;"Alles Vienna komp full cup sale";"select|Размер|70C|1|10|0|-|0.0000|+|0|+|0.00000000|no_image.jpg
select|Размер|M(38)|1|10|0|-|0.0000|+|0|+|0.00000000|no_image.jpg"
12435;"Alles Vienna 02 komp semi-soft sale";"select|Размер|80C|1|10|0|-|0.0000|+|0|+|0.00000000|no_image.jpg
select|Размер|75F|1|10|0|-|0.0000|+|0|+|0.00000000|no_image.jpg
select|Размер|M(38)|1|10|0|-|0.0000|+|0|+|0.00000000|no_image.jpg"
12436;"Ava 1305 Virginia sale";"select|Размер|70C|1|10|0|-|0.0000|+|0|+|0.00000000|no_image.jpg
select|Размер|S(36)|1|10|0|-|0.0000|+|0|+|0.00000000|no_image.jpg"
12437;"Corin Bella 14860 black sale";"select|Размер|75B|1|10|0|-|0.0000|+|0|+|0.00000000|no_image.jpg
select|Размер|M(38)|1|10|0|-|0.0000|+|0|+|0.00000000|no_image.jpg
image|Цвет|Черный|1|10|0|-|0.0000|+|0|+|0.00000000|data/colors/black.jpg"
12438;"Corin Jenny 14862 red sale";"image|Цвет|Красный|1|10|0|-|0.0000|+|0|+|0.00000000|data/colors/red.jpg
select|Размер|75C|1|10|0|-|0.0000|+|0|+|0.00000000|no_image.jpg
select|Размер|70C|1|10|0|-|0.0000|+|0|+|0.00000000|no_image.jpg
select|Размер|M(38)|1|10|0|-|0.0000|+|0|+|0.00000000|no_image.jpg"
12439;"Kinga 142 Corona sale";"select|Размер|75B|1|10|0|-|0.0000|+|0|+|0.00000000|no_image.jpg
select|Размер|70C|1|10|0|-|0.0000|+|0|+|0.00000000|no_image.jpg
select|Размер|M(38)|1|10|0|-|0.0000|+|0|+|0.00000000|no_image.jpg
select|Размер|S(36)|1|10|0|-|0.0000|+|0|+|0.00000000|no_image.jpg
select|Размер|L(40)|1|10|0|-|0.0000|+|0|+|0.00000000|no_image.jpg"
12440;"Kinga 2320 Neon sale";"select|Размер|75C|1|10|0|-|0.0000|+|0|+|0.00000000|no_image.jpg
select|Размер|75A|1|10|0|-|0.0000|+|0|+|0.00000000|no_image.jpg
select|Размер|70C|1|10|0|-|0.0000|+|0|+|0.00000000|no_image.jpg
select|Размер|M(38)|1|10|0|-|0.0000|+|0|+|0.00000000|no_image.jpg
select|Размер|L(40)|1|10|0|-|0.0000|+|0|+|0.00000000|no_image.jpg"
12441;"Kinga 236 Luxury sale";"select|Размер|70B|1|10|0|-|0.0000|+|0|+|0.00000000|no_image.jpg
select|Размер|M(38)|1|10|0|-|0.0000|+|0|+|0.00000000|no_image.jpg
select|Размер|S(36)|1|10|0|-|0.0000|+|0|+|0.00000000|no_image.jpg"
12442;"Kinga 2384 Lila sale";"image|Цвет|Экри|1|10|0|-|0.0000|+|0|+|0.00000000|data/colors/jekri.jpg
select|Размер|75A|1|10|0|-|0.0000|+|0|+|0.00000000|no_image.jpg
select|Размер|70A|1|10|0|-|0.0000|+|0|+|0.00000000|no_image.jpg
select|Размер|M(38)|1|10|0|-|0.0000|+|0|+|0.00000000|no_image.jpg
select|Размер|S(36)|1|10|0|-|0.0000|+|0|+|0.00000000|no_image.jpg"
12443;"Kinga 247 Malaga komp sale";"select|Размер|70C|1|10|1|+|0.0000|+|0|+|0.00000000|no_image.jpg
select|Размер|M(38)|1|10|1|+|0.0000|+|0|+|0.00000000|no_image.jpg"
12444;"Kinga 2496 Palace sale";"select|Размер|75B|1|10|0|-|0.0000|+|0|+|0.00000000|no_image.jpg
select|Размер|M(38)|1|10|0|-|0.0000|+|0|+|0.00000000|no_image.jpg
select|Размер|S(36)|1|10|0|-|0.0000|+|0|+|0.00000000|no_image.jpg
select|Размер|L(40)|1|10|1|+|0.0000|+|0|+|0.00000000|no_image.jpg"
12445;"Kinga 2500 End sale";"select|Размер|75C|1|10|0|-|0.0000|+|0|+|0.00000000|no_image.jpg
select|Размер|75B|1|10|0|-|0.0000|+|0|+|0.00000000|no_image.jpg
select|Размер|M(38)|1|10|0|-|0.0000|+|0|+|0.00000000|no_image.jpg
select|Размер|S(36)|1|10|0|-|0.0000|+|0|+|0.00000000|no_image.jpg"
12446;"Kinga 2524 Vivienne sale";"select|Размер|75C|1|10|0|-|0.0000|+|0|+|0.00000000|no_image.jpg
select|Размер|M(38)|1|10|0|-|0.0000|+|0|+|0.00000000|no_image.jpg
select|Размер|S(36)|1|10|0|-|0.0000|+|0|+|0.00000000|no_image.jpg"
12447;"Kinga 272 Cannes komp p-up sale";"select|Размер|85C|1|10|0|-|0.0000|+|0|+|0.00000000|no_image.jpg
select|Размер|85B|1|10|0|-|0.0000|+|0|+|0.00000000|no_image.jpg
select|Размер|80C|1|10|0|-|0.0000|+|0|+|0.00000000|no_image.jpg
select|Размер|75D|1|10|0|-|0.0000|+|0|+|0.00000000|no_image.jpg
select|Размер|75C|1|10|0|-|0.0000|+|0|+|0.00000000|no_image.jpg
select|Размер|75B|1|10|0|-|0.0000|+|0|+|0.00000000|no_image.jpg
select|Размер|75A|1|10|0|-|0.0000|+|0|+|0.00000000|no_image.jpg
select|Размер|70C|1|10|0|-|0.0000|+|0|+|0.00000000|no_image.jpg
select|Размер|70B|1|10|0|-|0.0000|+|0|+|0.00000000|no_image.jpg
select|Размер|70A|1|10|0|-|0.0000|+|0|+|0.00000000|no_image.jpg
select|Размер|M(38)|1|10|0|-|0.0000|+|0|+|0.00000000|no_image.jpg
select|Размер|S(36)|1|10|0|-|0.0000|+|0|+|0.00000000|no_image.jpg
select|Размер|L(40)|1|10|0|-|0.0000|+|0|+|0.00000000|no_image.jpg
select|Размер|XL(42)|1|10|0|-|0.0000|+|0|+|0.00000000|no_image.jpg"
12448;"Kinga 321 Code I push-up kom sale";"select|Размер|75B|1|10|0|+|0.0000|+|0|+|0.00000000|no_image.jpg
select|Размер|M(38)|1|10|0|+|0.0000|+|0|+|0.00000000|no_image.jpg
select|Размер|L(40)|1|10|0|+|0.0000|+|0|+|0.00000000|no_image.jpg"
12449;"Kinga 326 Miracle soft kom sale";"select|Размер|80C|1|10|0|+|0.0000|+|0|+|0.00000000|no_image.jpg
select|Размер|75D|1|10|0|+|0.0000|+|0|+|0.00000000|no_image.jpg
select|Размер|75C|1|10|0|+|0.0000|+|0|+|0.00000000|no_image.jpg
select|Размер|M(38)|1|10|1|+|0.0000|+|0|+|0.00000000|no_image.jpg
select|Размер|S(36)|1|10|0|+|0.0000|+|0|+|0.00000000|no_image.jpg"
12450;"Kinga SV 274 Cannes komp sale";"select|Размер|85D|1|10|0|+|0.0000|+|0|+|0.00000000|no_image.jpg
select|Размер|M(38)|1|10|0|-|0.0000|+|0|+|0.00000000|no_image.jpg
select|Размер|L(40)|1|10|0|-|0.0000|+|0|+|0.00000000|no_image.jpg
select|Размер|XL(42)|1|10|0|+|0.0000|+|0|+|0.00000000|no_image.jpg"
12452;"Konrad Viki 02 sale";"select|Размер|90D|1|10|0|-|0.0000|+|0|+|0.00000000|no_image.jpg
select|Размер|80F|1|10|0|-|0.0000|+|0|+|0.00000000|no_image.jpg
select|Размер|L(40)|1|10|0|-|0.0000|+|0|+|0.00000000|no_image.jpg
select|Размер|XL(42)|1|10|0|-|0.0000|+|0|+|0.00000000|no_image.jpg"
12453;"Kris line Amanda komp soft sale";"select|Размер|95C|1|10|0|-|0.0000|+|0|+|0.00000000|no_image.jpg
select|Размер|90C|1|10|0|-|0.0000|+|0|+|0.00000000|no_image.jpg
select|Размер|85E|1|10|0|-|0.0000|+|0|+|0.00000000|no_image.jpg
select|Размер|85D|1|10|0|-|0.0000|+|0|+|0.00000000|no_image.jpg
select|Размер|85C|1|10|0|-|0.0000|+|0|+|0.00000000|no_image.jpg
select|Размер|L(40)|1|10|0|-|0.0000|+|0|+|0.00000000|no_image.jpg
select|Размер|XL(42)|1|10|0|-|0.0000|+|0|+|0.00000000|no_image.jpg"
12454;"Kris line Valentina komp push-up sale";"select|Размер|75B|1|10|0|-|0.0000|+|0|+|0.00000000|no_image.jpg
select|Размер|M(38)|1|10|1|+|0.0000|+|0|+|0.00000000|no_image.jpg
select|Размер|S(36)|1|10|0|-|0.0000|+|0|+|0.00000000|no_image.jpg"
12455;"Alles Mama Coco komp full cup sale";"select|Размер|75B|1|10|0|-|0.0000|+|0|+|0.00000000|no_image.jpg
select|Размер|M(38)|1|10|0|-|0.0000|+|0|+|0.00000000|no_image.jpg
select|Размер|L(40)|1|10|0|-|0.0000|+|0|+|0.00000000|no_image.jpg
select|Размер|XL(42)|1|10|1|+|0.0000|+|0|+|0.00000000|no_image.jpg"
12456;"Alles Mama Roxy komp soft sale";"select|Размер|80B|1|10|0|-|0.0000|+|0|+|0.00000000|no_image.jpg
select|Размер|XL(42)|1|10|0|-|0.0000|+|0|+|0.00000000|no_image.jpg"
12458;"Alles Patricia gorset u sale";"image|Цвет|Белый|1|10|0|-|0.0000|+|0|+|0.00000000|data/colors/white.jpg
select|Размер|70D|1|10|0|-|0.0000|+|0|+|0.00000000|no_image.jpg"
12459;"Eldar Paulina mk sale";"image|Цвет|Черный|1|10|0|-|0.0000|+|0|+|0.00000000|data/colors/black.jpg
select|Размер|S(36)|1|10|0|-|0.0000|+|0|+|0.00000000|no_image.jpg"
12460;"WDB231303 Charmante Claret sale";select|Размер|42C|1|10|0|-|0.0000|+|0|+|0.00000000|no_image.jpg
12461;"WP191301 Meilin sale";select|Размер|40B|1|10|0|-|0.0000|+|0|+|0.00000000|no_image.jpg
12462;"WDT281307 Padma sale";select|Размер|38B|1|10|0|-|0.0000|+|0|+|0.00000000|no_image.jpg
12463;"WPB281308 Symyn sale";select|Размер|38B|1|10|0|-|0.0000|+|0|+|0.00000000|no_image.jpg
12464;"Marilyn Legginsy Classic 969 sale";"image|Цвет|Розовый 2|1|10|0|-|0.0000|+|0|+|0.00000000|data/colors/magenta.jpg
select|Размер|S/M|1|10|0|-|0.0000|+|0|+|0.00000000|no_image.jpg"
12466;"Marilyn Legginsy Velvet 854 sale";"image|Цвет|Темно-синий|1|10|0|-|0.0000|+|0|+|0.00000000|data/colors/temno-sinij.jpg
select|Размер|S/M|1|10|1|+|0.0000|+|0|+|0.00000000|no_image.jpg"
12467;"Mona leggins Dovre sale";select|Размер|1/2|1|10|0|-|0.0000|+|0|+|0.00000000|no_image.jpg
12468;"Mona leggins Tove 07 sale";"select|Размер|3/4|1|10|0|-|0.0000|+|0|+|0.00000000|no_image.jpg
select|Размер|1/2|1|10|0|-|0.0000|+|0|+|0.00000000|no_image.jpg"
12469;"Dobranocka 2053 SBL x light blue sale";"select|Размер|XL(42)|1|10|1|+|0.0000|+|0|+|0.00000000|no_image.jpg
image|Цвет|Лазурный|1|10|0|+|0.0000|+|0|+|0.00000000|data/colors/lazurnyj.jpg"
12472;"ICMBX 770107 sale";"select|Размер|L(50)|1|10|0|-|0.0000|+|0|+|0.00000000|no_image.jpg
select|Размер|XL(52)|1|10|0|-|0.0000|+|0|+|0.00000000|no_image.jpg
select|Размер|S(46)|1|10|0|-|0.0000|+|0|+|0.00000000|no_image.jpg
image|Цвет|Белый|1|10|0|-|0.0000|+|0|+|0.00000000|data/colors/white.jpg"
12473;"ICMBX 770108 sale";"select|Размер|S(46)|1|10|0|-|0.0000|+|0|+|0.00000000|no_image.jpg
image|Цвет|Черный|1|10|0|-|0.0000|+|0|+|0.00000000|data/colors/black.jpg"
12474;"Fabio 01/1-13 Boxer Long sale";"select|Размер|M(38)|1|10|0|-|0.0000|+|0|+|0.00000000|no_image.jpg
image|Цвет|Черный|1|10|0|-|0.0000|+|0|+|0.00000000|data/colors/black.jpg"
12475;"Fabio 01/1-14 Boxer Short sale";"select|Размер|M(38)|1|10|0|-|0.0000|+|0|+|0.00000000|no_image.jpg
image|Цвет|Черный|1|10|0|-|0.0000|+|0|+|0.00000000|data/colors/black.jpg"
12476;"Fabio 02/1-13/328 Boxer Long sale";select|Размер|M(38)|1|10|0|-|0.0000|+|0|+|0.00000000|no_image.jpg
12477;"Fabio 02/1-14/343 Boxer Short sale";select|Размер|L(40)|1|10|0|-|0.0000|+|0|+|0.00000000|no_image.jpg
12478;"Fabio 02/1-14/456 Boxer Short sale";select|Размер|L(40)|1|10|0|-|0.0000|+|0|+|0.00000000|no_image.jpg
12480;"Vanilla 2131 p sale";"image|Цвет|Кремовый|1|10|0|-|0.0000|+|0|+|0.00000000|data/colors/kremovyj.jpg
select|Размер|L(40)|1|10|0|-|0.0000|+|0|+|0.00000000|no_image.jpg"
12482;"Alles Mama Roxy soft sale";select|Размер|80B|1|10|0|-|0.0000|+|0|+|0.00000000|no_image.jpg
12484;"Alles Mama Honey soft sale";select|Размер|90B|1|10|0|-|0.0000|+|0|+|0.00000000|no_image.jpg
12485;"Alles Mama New soft sale";"select|Размер|85B|1|10|0|-|0.0000|+|0|+|0.00000000|no_image.jpg
image|Цвет|Белый|1|10|0|-|0.0000|+|0|+|0.00000000|data/colors/white.jpg"
12486;"Bellezza calzini 20 sale";"image|Цвет|Черный|1|10|0|-|0.0000|+|0|+|0.00000000|data/colors/black.jpg
image|Цвет|Телесный натуральный|1|10|0|-|0.0000|+|0|+|0.00000000|data/colors/telesnyj_naturalnyj.jpg
image|Цвет|Телесный с дымчатым оттенком|1|10|0|-|0.0000|+|0|+|0.00000000|data/colors/telesny_dym.jpg
image|Цвет|Телесный светлый|1|10|0|-|0.0000|+|0|+|0.00000000|data/colors/telesny_svetlyi.jpg"
12488;"Charmante BASETTA pantacollant sale";"select|Размер|1/2|1|10|0|-|0.0000|+|0|+|0.00000000|no_image.jpg
image|Цвет|Антрацит|1|10|0|-|0.0000|+|0|+|0.00000000|data/colors/antracit.jpg"
12489;"Tinctoria 20 parigina sale";"image|Цвет|Черный|1|0|0|-|0.0000|+|0|+|0.00000000|data/colors/black.jpg
image|Цвет|Телесный загар|1|0|0|-|0.0000|+|0|+|0.00000000|data/colors/telesnyj_zagar.jpg
select|Размер|L/XL|1|0|0|-|0.0000|+|0|+|0.00000000|no_image.jpg
select|Размер|S/M|1|0|0|-|0.0000|+|0|+|0.00000000|no_image.jpg"
12490;"Vanilla 2149 пижама sale";"select|Размер|L(40)|1|10|0|-|0.0000|+|0|+|0.00000000|no_image.jpg
image|Цвет|Капучино|1|10|0|-|0.0000|+|0|+|0.00000000|data/colors/cappucino.jpg"
12491;"VCL311309 низ sale";"select|Размер|38|1|10|0|-|0.0000|+|0|+|0.00000000|no_image.jpg
select|Размер|36|1|10|0|-|0.0000|+|0|+|0.00000000|no_image.jpg
image|Цвет|Голубой|1|10|0|-|0.0000|+|0|+|0.00000000|data/colors/goluboj.jpg
image|Цвет|Фиолетовый|1|10|0|-|0.0000|+|0|+|0.00000000|data/colors/fioletovyj.jpg"
12492;"VTY311310 низ sale";"select|Размер|36|1|0|0|-|0.0000|+|0|+|0.00000000|no_image.jpg
image|Цвет|Фиолетовый|1|0|0|-|0.0000|+|0|+|0.00000000|data/colors/fioletovyj.jpg"
12493;"WQ271305 Messalina sale";select|Размер|36|1|10|0|-|0.0000|+|0|+|0.00000000|no_image.jpg
12494;"WQ271306 Victoriana sale";select|Размер|36/38|1|10|0|-|0.0000|+|0|+|0.00000000|no_image.jpg
12495;"Corin Charlotte 15841 pas sale";"select|Размер|M(38)|1|10|0|-|0.0000|+|0|+|0.00000000|no_image.jpg
image|Цвет|Белый|1|10|0|-|0.0000|+|0|+|0.00000000|data/colors/white.jpg"
12497;"Kris Line Belinda black pas sale";"image|Цвет|Черный|1|10|0|-|0.0000|+|0|+|0.00000000|data/colors/black.jpg
select|Размер|L(40)|1|10|0|-|0.0000|+|0|+|0.00000000|no_image.jpg"
12498;"Adrian Pips 20 sale";"image|Цвет|Белый|1|10|0|-|0.0000|+|0|+|0.00000000|data/colors/white.jpg
select|Размер|2|1|10|0|-|0.0000|+|0|+|0.00000000|no_image.jpg"
12499;"Adrian Carnival 20 den sale";"image|Цвет|Белый|1|10|0|-|0.0000|+|0|+|0.00000000|data/colors/white.jpg
select|Размер|1/2|1|10|0|-|0.0000|+|0|+|0.00000000|no_image.jpg"
12500;"Adrian Feeling 20 sale";"image|Цвет|Белый|1|10|0|-|0.0000|+|0|+|0.00000000|data/colors/white.jpg
select|Размер|1/2|1|10|0|-|0.0000|+|0|+|0.00000000|no_image.jpg"
12501;"Adrian Vintage 20 sale";"image|Цвет|Белый|1|10|0|-|0.0000|+|0|+|0.00000000|data/colors/white.jpg
select|Размер|1/2|1|10|0|-|0.0000|+|0|+|0.00000000|no_image.jpg"
12502;"Adrian Vivian 20 sale";"image|Цвет|Белый|1|10|1|+|0.0000|+|0|+|0.00000000|data/colors/white.jpg
select|Размер|1/2|1|10|0|-|0.0000|+|0|+|0.00000000|no_image.jpg"
12503;"Kinga 2656 Modern k sale";"select|Размер|M(38)|1|10|1|+|0.0000|+|0|+|0.00000000|no_image.jpg
select|Размер|S(36)|1|10|0|-|0.0000|+|0|+|0.00000000|no_image.jpg
select|Размер|XL(42)|1|10|1|+|0.0000|+|0|+|0.00000000|no_image.jpg"
12504;"Shato 071 k sale";"image|Цвет|Светло-серый|1|10|0|-|0.0000|+|0|+|0.00000000|data/colors/svetloseriy.jpg
select|Размер|S(36)|1|10|0|-|0.0000|+|0|+|0.00000000|no_image.jpg"
12505;"Shato 400 k sale";"image|Цвет|Бирюза|1|10|0|-|0.0000|+|0|+|0.00000000|data/colors/biruza.jpg
select|Размер|S(36)|1|10|0|-|0.0000|+|0|+|0.00000000|no_image.jpg"
12507;"Shato 413 k pink sale";"image|Цвет|Розовый 2|1|10|0|-|0.0000|+|0|+|0.00000000|data/colors/magenta.jpg
select|Размер|M(38)|1|10|0|-|0.0000|+|0|+|0.00000000|no_image.jpg
select|Размер|S(36)|1|10|0|-|0.0000|+|0|+|0.00000000|no_image.jpg"
12508;"Alles Mama Cleo 01 k sale";select|Размер|M(38)|1|10|0|-|0.0000|+|0|+|0.00000000|no_image.jpg
12509;"Vanilla 138 сорочка sale";"select|Размер|M(38)|1|10|0|-|0.0000|+|0|+|0.00000000|no_image.jpg
select|Размер|S(36)|1|10|0|-|0.0000|+|0|+|0.00000000|no_image.jpg"
12510;"Dobranocka 8008 TM k sale";"image|Цвет|Серый меланж|1|10|0|+|0.0000|+|0|+|0.00000000|data/colors/gray_melange.jpg
select|Размер|M(38)|1|10|0|+|0.0000|+|0|+|0.00000000|no_image.jpg
select|Размер|S(36)|1|10|0|+|0.0000|+|0|+|0.00000000|no_image.jpg
select|Размер|L(40)|1|10|0|+|0.0000|+|0|+|0.00000000|no_image.jpg"
12513;"TEO 30 LG sale";"image|Цвет|Графит|1|0|0|-|0.0000|+|0|+|0.00000000|data/colors/grafit.jpg
image|Цвет|Платиновый|1|0|0|-|0.0000|+|0|+|0.00000000|data/colors/platinovyj.jpg
select|Размер|4|1|0|0|-|0.0000|+|0|+|0.00000000|no_image.jpg
select|Размер|3|1|0|0|-|0.0000|+|0|+|0.00000000|no_image.jpg
select|Размер|1/2|1|0|0|-|0.0000|+|0|+|0.00000000|no_image.jpg"
12514;"FORMA 40 LG sale";"image|Цвет|Антрацит|1|10|0|-|0.0000|+|0|+|0.00000000|data/colors/antracit.jpg
select|Размер|4|1|10|0|-|0.0000|+|0|+|0.00000000|no_image.jpg"
12515;"TULLE 20 LG sale";"select|Размер|4|1|0|0|-|0.0000|+|0|+|0.00000000|no_image.jpg
select|Размер|3|1|0|0|-|0.0000|+|0|+|0.00000000|no_image.jpg
select|Размер|1/2|1|0|0|-|0.0000|+|0|+|0.00000000|no_image.jpg
image|Цвет|Платиновый|1|0|0|-|0.0000|+|0|+|0.00000000|data/colors/platinovyj.jpg"
12516;"TULLE 20 aut. LG sale";"select|Размер|3|1|10|0|-|0.0000|+|0|+|0.00000000|no_image.jpg
image|Цвет|Антрацит|1|10|0|-|0.0000|+|0|+|0.00000000|data/colors/antracit.jpg"
12518;"Dobranocka 6043 PMD p sale";"select|Размер|XL(42)|1|10|0|-|0.0000|+|0|+|0.00000000|no_image.jpg
image|Цвет|Бежевый|1|10|0|-|0.0000|+|0|+|0.00000000|data/colors/beige.jpg"
12520;"Mama Latoila top sale";select|Размер|80F|1|10|0|-|0.0000|+|0|+|0.00000000|no_image.jpg
12521;"Mama Rivoli  slip sale";select|Размер|L(40)|1|10|0|-|0.0000|+|0|+|0.00000000|no_image.jpg
12522;"26077 трусы sale";"select|Размер|XL(42)|1|10|0|-|0.0000|+|0|+|0.00000000|no_image.jpg
image|Цвет|Белый|1|10|0|-|0.0000|+|0|+|0.00000000|data/colors/white.jpg"
12523;"25802 трусы sale";"image|Цвет|Белый|1|10|0|-|0.0000|+|0|+|0.00000000|data/colors/white.jpg
select|Размер|S(36)|0|10|0|1|0.0000|0|0|0|0.00000000|no_image.jpg"
12524;"26076 трусы sale";"image|Цвет|Белый|1|10|0|-|0.0000|+|0|+|0.00000000|data/colors/white.jpg
image|Цвет|Черный|1|10|0|-|0.0000|+|0|+|0.00000000|data/colors/black.jpg
image|Цвет|Телесный натуральный|1|10|0|-|0.0000|+|0|+|0.00000000|data/colors/telesnyj_naturalnyj.jpg
select|Размер|L(40)|1|10|0|-|0.0000|+|0|+|0.00000000|no_image.jpg"
12525;"Alles Calais f classic sale";"image|Цвет|Шампанский|1|10|0|-|0.0000|+|0|+|0.00000000|data/colors/shampanskij.jpg
select|Размер|XL(42)|1|10|0|-|0.0000|+|0|+|0.00000000|no_image.jpg"
12526;"Alles Carla f sale";select|Размер|XL(42)|1|10|0|-|0.0000|+|0|+|0.00000000|no_image.jpg
12527;"Alles Dzerma f sale";select|Размер|XL(42)|1|10|0|-|0.0000|+|0|+|0.00000000|no_image.jpg
12528;"Fragola f sale";select|Размер|L(40)|1|10|0|-|0.0000|+|0|+|0.00000000|no_image.jpg
12530;"Mama Coco f sale";"select|Размер|M(38)|1|10|0|-|0.0000|+|0|+|0.00000000|no_image.jpg
select|Размер|L(40)|1|10|0|-|0.0000|+|0|+|0.00000000|no_image.jpg
select|Размер|XL(42)|1|10|0|-|0.0000|+|0|+|0.00000000|no_image.jpg"
12531;"Mama Fresh slip sale";"select|Размер|L(40)|1|10|0|-|0.0000|+|0|+|0.00000000|no_image.jpg
select|Размер|XL(42)|1|10|0|-|0.0000|+|0|+|0.00000000|no_image.jpg
select|Размер|XXL(44)|1|10|0|-|0.0000|+|0|+|0.00000000|no_image.jpg"
12532;"Mama Roxy f sale";select|Размер|XL(42)|1|10|0|-|0.0000|+|0|+|0.00000000|no_image.jpg
12533;"Alles Monserat f sale";select|Размер|M(38)|1|10|0|-|0.0000|+|0|+|0.00000000|no_image.jpg
12534;"Alles Vienna 01 f sale";select|Размер|M(38)|1|10|0|-|0.0000|+|0|+|0.00000000|no_image.jpg
12535;"Gaia 382 Colette f sale";"image|Цвет|Шампань|1|10|0|-|0.0000|+|0|+|0.00000000|data/colors/shampan.jpg
select|Размер|M(38)|1|10|0|-|0.0000|+|0|+|0.00000000|no_image.jpg"
12536;"Konrad Viki f sale";select|Размер|L(40)|1|10|0|-|0.0000|+|0|+|0.00000000|no_image.jpg
12537;"Lupo 1255 f sale";select|Размер|M(38)|1|10|0|-|0.0000|+|0|+|0.00000000|no_image.jpg
12538;"Alles Garden f classic sale";select|Размер|XXL(44)|1|10|0|-|0.0000|+|0|+|0.00000000|no_image.jpg
12539;"Ava 1305 Virginia f sale";select|Размер|M(38)|1|10|0|-|0.0000|+|0|+|0.00000000|no_image.jpg
12540;"Kinga 236 Luxury f sale";select|Размер|S(36)|1|10|0|-|0.0000|+|0|+|0.00000000|no_image.jpg
12541;"Kinga 2386 Lila f sale";"select|Размер|M(38)|1|10|0|-|0.0000|+|0|+|0.00000000|no_image.jpg
image|Цвет|Экри|1|10|0|-|0.0000|+|0|+|0.00000000|data/colors/jekri.jpg"
12542;"Kinga 2496 Palace f sale";select|Размер|M(38)|1|10|0|-|0.0000|+|0|+|0.00000000|no_image.jpg
12543;"Kinga 2549 Lovely f sale";"select|Размер|M(38)|1|10|0|-|0.0000|+|0|+|0.00000000|no_image.jpg
select|Размер|L(40)|1|10|0|-|0.0000|+|0|+|0.00000000|no_image.jpg
select|Размер|XL(42)|1|10|0|-|0.0000|+|0|+|0.00000000|no_image.jpg
select|Размер|XXL(44)|1|10|0|-|0.0000|+|0|+|0.00000000|no_image.jpg"
12544;"Kinga 2320 Neon f sale";select|Размер|L(40)|1|10|0|-|0.0000|+|0|+|0.00000000|no_image.jpg
12545;"Kris line Diamond black f sale";"select|Размер|XXL(44)|1|10|0|+|0.0000|+|0|+|0.00000000|no_image.jpg
select|Размер|XXXL(46)|1|10|0|+|0.0000|+|0|+|0.00000000|no_image.jpg
image|Цвет|Черный|1|10|0|-|0.0000|+|0|+|0.00000000|data/colors/black.jpg"
12546;"Kinga 187 Corrida f sale";select|Размер|S(36)|1|10|0|-|0.0000|+|0|+|0.00000000|no_image.jpg
12547;"Key GPN 736 B4 slip sale";"select|Размер|128-134|1|10|0|+|0.0000|+|0|+|0.00000000|no_image.jpg
select|Размер|122-128|1|10|0|+|0.0000|+|0|+|0.00000000|no_image.jpg
select|Размер|116-122|1|10|0|+|0.0000|+|0|+|0.00000000|no_image.jpg"
12548;"Key GPN 763 B4 slip sale";select|Размер|128-134|1|10|0|+|0.0000|+|0|+|0.00000000|no_image.jpg
12549;"KEY TPR 601 B4 slip pink sale";select|Размер|140-146|1|10|0|+|0.0000|+|0|+|0.00000000|no_image.jpg
12550;"Key TPR 601 B4 slip violet sale";"select|Размер|152-158|1|10|0|+|0.0000|+|0|+|0.00000000|no_image.jpg
select|Размер|146-152|1|10|0|+|0.0000|+|0|+|0.00000000|no_image.jpg
select|Размер|140-146|1|10|0|+|0.0000|+|0|+|0.00000000|no_image.jpg"
12551;"Gaia 382 Colette s sale";"image|Цвет|Шампань|1|10|0|-|0.0000|+|0|+|0.00000000|data/colors/shampan.jpg
select|Размер|L(40)|1|10|0|-|0.0000|+|0|+|0.00000000|no_image.jpg"
