_ID_;_STOCK_STATUS_;_STATUS_;_OPTIONS_
11088;"Нет в наличии";1;"image|Цвет|Белый|1|79|1|+|0.0000|+|0|+|0.00000000|data/colors/white.jpg
image|Цвет|Жемчуг|1|197|1|+|0.0000|+|0|+|0.00000000|data/colors/jekri.jpg
select|Размер|80E|1|4|1|+|0.0000|+|0|+|0.00000000|no_image.jpg
select|Размер|80D|1|8|1|+|0.0000|+|0|+|0.00000000|no_image.jpg
select|Размер|80C|1|29|1|+|0.0000|+|0|+|0.00000000|no_image.jpg
select|Размер|75F|1|32|1|+|0.0000|+|0|+|0.00000000|no_image.jpg
select|Размер|75E|1|10|1|+|0.0000|+|0|+|0.00000000|no_image.jpg
select|Размер|75D|1|37|1|+|0.0000|+|0|+|0.00000000|no_image.jpg
select|Размер|75C|1|45|1|+|0.0000|+|0|+|0.00000000|no_image.jpg
select|Размер|75B|1|21|1|+|0.0000|+|0|+|0.00000000|no_image.jpg
select|Размер|70F|1|21|1|+|0.0000|+|0|+|0.00000000|no_image.jpg
select|Размер|70E|1|23|1|+|0.0000|+|0|+|0.00000000|no_image.jpg
select|Размер|70D|1|10|1|+|0.0000|+|0|+|0.00000000|no_image.jpg
select|Размер|70C|1|4|1|+|0.0000|+|0|+|0.00000000|no_image.jpg
select|Размер|70A|1|3|1|+|0.0000|+|0|+|0.00000000|no_image.jpg
select|Размер|65G|1|6|1|+|0.0000|+|0|+|0.00000000|no_image.jpg
select|Размер|65F|1|11|1|+|0.0000|+|0|+|0.00000000|no_image.jpg
select|Размер|65E|1|7|1|+|0.0000|+|0|+|0.00000000|no_image.jpg
select|Размер|65D|1|5|1|+|0.0000|+|0|+|0.00000000|no_image.jpg"
12240;"Нет в наличии";1;"image|Цвет|Лазурный|1|10|0|-|0.0000|+|0|+|0.00000000|data/colors/lazurnyj.jpg
select|Размер|M(38)|1|10|0|-|0.0000|+|0|+|0.00000000|no_image.jpg"
12242;"Нет в наличии";1;"image|Цвет|Черный|1|10|0|-|0.0000|+|0|+|0.00000000|data/colors/black.jpg
select|Размер|S(36)|1|10|0|-|0.0000|+|0|+|0.00000000|no_image.jpg"
12243;"Нет в наличии";1;"select|Размер|L(40)|1|10|0|-|0.0000|+|0|+|0.00000000|no_image.jpg
image|Цвет|Черный|1|10|0|-|0.0000|+|0|+|0.00000000|data/colors/black.jpg"
12244;"Нет в наличии";1;"select|Размер|S(36)|1|10|0|-|0.0000|+|0|+|0.00000000|no_image.jpg
image|Цвет|Черный|1|10|0|-|0.0000|+|0|+|0.00000000|data/colors/black.jpg"
12245;"Нет в наличии";1;"image|Цвет|Черный|1|0|0|-|0.0000|+|0|+|0.00000000|data/colors/black.jpg
image|Цвет|Темно-синий 2|1|0|0|+|0.0000|+|0|+|0.00000000|data/colors/dark_blue1.jpg
select|Размер|S(36)|1|0|0|-|0.0000|+|0|+|0.00000000|no_image.jpg
select|Размер|M(38)|1|0|0||0.0000||0||0.00000000|no_image.jpg"
12246;"Нет в наличии";1;"image|Цвет|Белый|1|10|0|-|0.0000|+|0|+|0.00000000|data/colors/white.jpg
select|Размер|1-2|1|10|0|-|0.0000|+|0|+|0.00000000|no_image.jpg"
12247;"Нет в наличии";1;select|Размер|S(36)|1|10|0|-|0.0000|+|0|+|0.00000000|no_image.jpg
12248;"Нет в наличии";1;"select|Размер|M(38)|1|1|1|+|0.0000|+|0|+|0.00000000|no_image.jpg
image|Цвет|Шампань|1|10|0|-|0.0000|+|0|+|0.00000000|data/colors/shampan.jpg
select|Размер|75B|1|10|0|-|0.0000|+|0|+|0.00000000|no_image.jpg"
12249;"Нет в наличии";1;"select|Размер|M(38)|1|10|0|-|0.0000|+|0|+|0.00000000|no_image.jpg
image|Цвет|Шампань|1|10|0|-|0.0000|+|0|+|0.00000000|data/colors/shampan.jpg"
12250;"Нет в наличии";1;"select|Размер|70C|1|10|0|-|0.0000|+|0|+|0.00000000|no_image.jpg
image|Цвет|Черный|1|10|0|-|0.0000|+|0|+|0.00000000|data/colors/black.jpg"
12251;"Нет в наличии";1;"select|Размер|4|1|10|1|+|0.0000|+|0|+|0.00000000|no_image.jpg
select|Размер|3|1|10|0|-|0.0000|+|0|+|0.00000000|no_image.jpg
image|Цвет|GRIGIO|1|10|0|-|0.0000|+|0|+|0.00000000|data/colors/grigio_marilyn.jpg
image|Цвет|Черный|1|10|1|+|0.0000|+|0|+|0.00000000|data/colors/black.jpg"
12252;"Нет в наличии";1;"select|Размер|3/4|1|10|1|+|0.0000|+|0|+|0.00000000|no_image.jpg
select|Размер|1/2|1|10|0|+|0.0000|+|0|+|0.00000000|no_image.jpg
image|Цвет|Черный|1|10|0|-|0.0000|+|0|+|0.00000000|data/colors/black.jpg"
12253;"Нет в наличии";1;"image|Цвет|Черный|1|10|0|-|0.0000|+|0|+|0.00000000|data/colors/black.jpg
select|Размер|4|1|10|0|-|0.0000|+|0|+|0.00000000|no_image.jpg"
12254;"Нет в наличии";1;"select|Размер|L(40)|1|10|1|+|0.0000|+|0|+|0.00000000|no_image.jpg
image|Цвет|Бежевый|1|10|0|+|0.0000|+|0|+|0.00000000|data/colors/beige.jpg"
12256;"Нет в наличии";1;"select|Размер|75C|1|10|0|+|0.0000|+|0|+|0.00000000|no_image.jpg
select|Размер|75B|1|10|0|+|0.0000|+|0|+|0.00000000|no_image.jpg
select|Размер|70B|1|10|1|+|0.0000|+|0|+|0.00000000|no_image.jpg"
12257;"Нет в наличии";1;"select|Размер|S(36)|1|10|0|+|0.0000|+|0|+|0.00000000|no_image.jpg
image|Цвет|Черный|1|10|0|+|0.0000|+|0|+|0.00000000|data/colors/black.jpg
image|Цвет|Черный-бежевый|1|10|0|+|0.0000|+|0|+|0.00000000|data/colors/black-biege2.jpg"
12258;"Нет в наличии";1;"select|Размер|XL(42)|1|10|1|+|0.0000|+|0|+|0.00000000|no_image.jpg
select|Размер|XXL(44)|1|10|1|+|0.0000|+|0|+|0.00000000|no_image.jpg
select|Размер|XXXL(46)|1|10|1|+|0.0000|+|0|+|0.00000000|no_image.jpg
select|Размер|L(40)|1|10|1|+|0.0000|+|0|+|0.00000000|no_image.jpg
select|Размер|S(36)|1|10|1|+|0.0000|+|0|+|0.00000000|no_image.jpg
select|Размер|M(38)|1|10|1|+|0.0000|+|0|+|0.00000000|no_image.jpg
image|Цвет|Черный|1|10|0|+|0.0000|+|0|+|0.00000000|data/colors/black.jpg"
12259;"Нет в наличии";1;"select|Размер|XL(42)|1|10|0|+|0.0000|+|0|+|0.00000000|no_image.jpg
select|Размер|XXL(44)|1|10|0|+|0.0000|+|0|+|0.00000000|no_image.jpg
select|Размер|L(40)|1|10|0|+|0.0000|+|0|+|0.00000000|no_image.jpg
image|Цвет|Аквамарин|1|10|0|+|0.0000|+|0|+|0.00000000|data/colors/aque.jpg"
12260;"Нет в наличии";1;"select|Размер|L(40)|1|10|0|+|0.0000|+|0|+|0.00000000|no_image.jpg
select|Размер|S(36)|1|10|0|+|0.0000|+|0|+|0.00000000|no_image.jpg"
12261;"Нет в наличии";1;select|Размер|L(40)|1|10|0|+|0.0000|+|0|+|0.00000000|no_image.jpg
12262;"Нет в наличии";1;"select|Размер|L(40)|1|10|1|+|0.0000|+|0|+|0.00000000|no_image.jpg
select|Размер|S(36)|1|10|0|+|0.0000|+|0|+|0.00000000|no_image.jpg"
12263;"Нет в наличии";1;select|Размер|S(36)|1|10|0|+|0.0000|+|0|+|0.00000000|no_image.jpg
12264;"Нет в наличии";1;select|Размер|L(40)|1|10|0|+|0.0000|+|0|+|0.00000000|no_image.jpg
12265;"Нет в наличии";1;"select|Размер|M(38)|1|10|0|+|0.0000|+|0|+|0.00000000|no_image.jpg
image|Цвет|Черный|1|10|0|+|0.0000|+|0|+|0.00000000|data/colors/black.jpg"
12266;"Нет в наличии";1;select|Размер|S/M|1|10|1|+|0.0000|+|0|+|0.00000000|no_image.jpg
12267;"Нет в наличии";1;select|Размер|XL/XXL|1|10|1|+|0.0000|+|0|+|0.00000000|no_image.jpg
12268;"Нет в наличии";1;"select|Размер|S(36)|1|10|0|+|0.0000|+|0|+|0.00000000|no_image.jpg
select|Размер|M(38)|1|10|1|+|0.0000|+|0|+|0.00000000|no_image.jpg"
12269;"Нет в наличии";1;select|Размер|S(36)|1|10|0|+|0.0000|+|0|+|0.00000000|no_image.jpg
12271;"Нет в наличии";1;"image|Цвет|Черный|1|10|0|+|0.0000|+|0|+|0.00000000|data/colors/black.jpg
select|Размер|M(38)|1|10|1|+|0.0000|+|0|+|0.00000000|no_image.jpg"
12272;"Нет в наличии";1;select|Размер|M(38)|1|10|0|+|0.0000|+|0|+|0.00000000|no_image.jpg
12273;"Нет в наличии";1;select|Размер|M(48)|1|10|1|+|0.0000|+|0|+|0.00000000|no_image.jpg
12274;"Нет в наличии";1;select|Размер|L(50)|1|10|1|+|0.0000|+|0|+|0.00000000|no_image.jpg
12275;"Нет в наличии";1;select|Размер|M(48)|1|10|0|+|0.0000|+|0|+|0.00000000|no_image.jpg
12277;"Нет в наличии";1;"select|Размер|S(36)|1|10|0|-|0.0000|+|0|+|0.00000000|no_image.jpg
image|Цвет|Темно-красный|1|10|0|-|0.0000|+|0|+|0.00000000|data/colors/temno-krasnyj.jpg"
12278;"Нет в наличии";1;"image|Цвет|Черный|1|10|0|-|0.0000|+|0|+|0.00000000|data/colors/black.jpg
select|Размер|L(40)|1|10|0|-|0.0000|+|0|+|0.00000000|no_image.jpg"
12280;"Нет в наличии";1;"image|Цвет|Черный|1|10|0|-|0.0000|+|0|+|0.00000000|data/colors/black.jpg
select|Размер|90C|1|10|0|-|0.0000|+|0|+|0.00000000|no_image.jpg"
12281;"Нет в наличии";1;"select|Размер|80C|1|2|0|-|0.0000|+|0|+|0.00000000|no_image.jpg
select|Размер|75D|1|1|0|-|0.0000|+|0|+|0.00000000|no_image.jpg
image|Цвет|Белый|1|2|0|-|0.0000|+|0|+|0.00000000|data/colors/white.jpg
image|Цвет|Черный|1|1|0|-|0.0000|+|0|+|0.00000000|data/colors/black.jpg"
12282;"Нет в наличии";1;select|Размер|85B|1|10|0|-|0.0000|+|0|+|0.00000000|no_image.jpg
12283;"Нет в наличии";1;"select|Размер|80B|1|10|0|-|0.0000|+|0|+|0.00000000|no_image.jpg
image|Цвет|Белый|1|10|0|-|0.0000|+|0|+|0.00000000|data/colors/white.jpg"
12284;"Нет в наличии";1;"select|Размер|85C|1|10|0|-|0.0000|+|0|+|0.00000000|no_image.jpg
select|Размер|75F|1|10|0|-|0.0000|+|0|+|0.00000000|no_image.jpg
select|Размер|70D|1|10|1|+|0.0000|+|0|+|0.00000000|no_image.jpg
select|Размер|70B|1|10|0|-|0.0000|+|0|+|0.00000000|no_image.jpg
image|Цвет|Шампанский|1|10|0|-|0.0000|+|0|+|0.00000000|data/colors/shampanskij.jpg"
12285;"Нет в наличии";1;"image|Цвет|Черный|1|0|0|+|0.0000|+|0|+|0.00000000|data/colors/black.jpg
select|Размер|80A|1|0|0|-|0.0000|+|0|+|0.00000000|no_image.jpg
select|Размер|70B|1|0|0|-|0.0000|+|0|+|0.00000000|no_image.jpg
select|Размер|70A|1|0|0|-|0.0000|+|0|+|0.00000000|no_image.jpg"
12286;"Нет в наличии";1;"image|Цвет|Черный|1|10|0|-|0.0000|+|0|+|0.00000000|data/colors/black.jpg
select|Размер|85C|1|10|0|-|0.0000|+|0|+|0.00000000|no_image.jpg"
12287;"Нет в наличии";1;select|Размер|70BB|1|10|0|+|0.0000|+|0|+|0.00000000|no_image.jpg
12288;"Нет в наличии";1;"select|Размер|75AA|1|10|0|+|0.0000|+|0|+|0.00000000|no_image.jpg
select|Размер|70BB|1|10|0|+|0.0000|+|0|+|0.00000000|no_image.jpg
select|Размер|70AA|1|10|0|+|0.0000|+|0|+|0.00000000|no_image.jpg"
12289;"Нет в наличии";1;"select|Размер|75AA|1|10|0|+|0.0000|+|0|+|0.00000000|no_image.jpg
select|Размер|70BB|1|10|0|+|0.0000|+|0|+|0.00000000|no_image.jpg
image|Цвет|Белый|1|10|0|+|0.0000|+|0|+|0.00000000|data/colors/white.jpg
image|Цвет|Розовый|1|10|0|+|0.0000|+|0|+|0.00000000|data/colors/rozovyj.jpg"
12291;"Нет в наличии";1;"select|Размер|85B|1|10|1|+|0.0000|+|0|+|0.00000000|no_image.jpg
select|Размер|80C|1|10|0|-|0.0000|+|0|+|0.00000000|no_image.jpg"
12292;"Нет в наличии";1;select|Размер|85B|1|10|0|-|0.0000|+|0|+|0.00000000|no_image.jpg
12293;"Нет в наличии";1;select|Размер|85D|1|10|0|-|0.0000|+|0|+|0.00000000|no_image.jpg
12294;Распродано;1;"select|Размер|85D|1|10|0|-|0.0000|+|0|+|0.00000000|no_image.jpg
image|Цвет|Черный|1|10|0|-|0.0000|+|0|+|0.00000000|data/colors/black.jpg"
12295;"Нет в наличии";1;select|Размер|85C|1|10|0|-|0.0000|+|0|+|0.00000000|no_image.jpg
12296;"Нет в наличии";1;"select|Размер|80C|1|10|0|-|0.0000|+|0|+|0.00000000|no_image.jpg
image|Цвет|Белый|1|10|0|-|0.0000|+|0|+|0.00000000|data/colors/white.jpg"
12298;Распродано;1;select|Размер|75F|1|10|0|-|0.0000|+|0|+|0.00000000|no_image.jpg
12300;"Нет в наличии";1;select|Размер|90D|1|10|0|-|0.0000|+|0|+|0.00000000|no_image.jpg
12301;"Нет в наличии";1;"select|Размер|90E|1|10|0|-|0.0000|+|0|+|0.00000000|no_image.jpg
select|Размер|85F|1|10|0|-|0.0000|+|0|+|0.00000000|no_image.jpg
select|Размер|80F|1|10|0|-|0.0000|+|0|+|0.00000000|no_image.jpg
select|Размер|75F|1|10|0|-|0.0000|+|0|+|0.00000000|no_image.jpg"
12302;"Нет в наличии";1;"select|Размер|85G|1|10|0|-|0.0000|+|0|+|0.00000000|no_image.jpg
select|Размер|80G|1|10|0|-|0.0000|+|0|+|0.00000000|no_image.jpg
select|Размер|75G|1|10|0|-|0.0000|+|0|+|0.00000000|no_image.jpg
select|Размер|75F|1|10|1|+|0.0000|+|0|+|0.00000000|no_image.jpg"
12303;"Нет в наличии";1;select|Размер|85F|1|10|0|-|0.0000|+|0|+|0.00000000|no_image.jpg
12304;"Нет в наличии";1;select|Размер|95C|1|10|0|-|0.0000|+|0|+|0.00000000|no_image.jpg
12305;"Нет в наличии";1;select|Размер|85D|1|10|0|+|0.0000|+|0|+|0.00000000|no_image.jpg
12306;"Нет в наличии";1;select|Размер|80F|1|10|0|-|0.0000|+|0|+|0.00000000|no_image.jpg
12307;"Нет в наличии";1;select|Размер|85G|1|10|0|-|0.0000|+|0|+|0.00000000|no_image.jpg
12308;Распродано;1;"image|Цвет|Белый|1|10|0|-|0.0000|+|0|+|0.00000000|data/colors/white.jpg
select|Размер|80D|1|10|0|-|0.0000|+|0|+|0.00000000|no_image.jpg"
12309;"Нет в наличии";1;"image|Цвет|Розовый 2|1|10|0|-|0.0000|+|0|+|0.00000000|data/colors/magenta.jpg
select|Размер|80C|1|10|0|-|0.0000|+|0|+|0.00000000|no_image.jpg"
12313;"Нет в наличии";1;"select|Размер|85F|1|10|0|-|0.0000|+|0|+|0.00000000|no_image.jpg
select|Размер|85E|1|10|0|-|0.0000|+|0|+|0.00000000|no_image.jpg"
12314;"Нет в наличии";1;"select|Размер|80C|1|10|0|+|0.0000|+|0|+|0.00000000|no_image.jpg
select|Размер|75D|1|10|0|+|0.0000|+|0|+|0.00000000|no_image.jpg
select|Размер|75C|1|10|0|+|0.0000|+|0|+|0.00000000|no_image.jpg"
12316;"Нет в наличии";1;"select|Размер|95C|1|10|0|-|0.0000|+|0|+|0.00000000|no_image.jpg
select|Размер|90C|1|10|0|-|0.0000|+|0|+|0.00000000|no_image.jpg
select|Размер|85E|1|10|0|-|0.0000|+|0|+|0.00000000|no_image.jpg
select|Размер|85D|1|10|0|-|0.0000|+|0|+|0.00000000|no_image.jpg
select|Размер|85C|1|10|0|-|0.0000|+|0|+|0.00000000|no_image.jpg"
12317;"Нет в наличии";1;"select|Размер|90D|1|10|0|-|0.0000|+|0|+|0.00000000|no_image.jpg
select|Размер|85C|1|10|0|-|0.0000|+|0|+|0.00000000|no_image.jpg
select|Размер|80F|1|10|0|-|0.0000|+|0|+|0.00000000|no_image.jpg
select|Размер|80D|1|10|0|-|0.0000|+|0|+|0.00000000|no_image.jpg
image|Цвет|Белый|1|10|0|-|0.0000|+|0|+|0.00000000|data/colors/white.jpg
image|Цвет|Черный|1|10|0|-|0.0000|+|0|+|0.00000000|data/colors/black.jpg"
12318;"Нет в наличии";1;"image|Цвет|Белый|1|10|1|+|0.0000|+|0|+|0.00000000|data/colors/white.jpg
select|Размер|80C|1|10|1|+|0.0000|+|0|+|0.00000000|no_image.jpg"
12320;"Нет в наличии";1;"select|Размер|70C|1|1|1|+|0.0000|+|0|+|0.00000000|no_image.jpg
select|Размер|70B|1|1|1|+|0.0000|+|0|+|0.00000000|no_image.jpg
image|Цвет|Шампанский|1|10|0|-|0.0000|+|0|+|0.00000000|data/colors/shampanskij.jpg"
12321;"Нет в наличии";1;select|Размер|70C|1|10|0|-|0.0000|+|0|+|0.00000000|no_image.jpg
12323;"Нет в наличии";1;select|Размер|75B|1|10|0|+|0.0000|+|0|+|0.00000000|no_image.jpg
12324;"Нет в наличии";1;select|Размер|80B|1|10|0|-|0.0000|+|0|+|0.00000000|no_image.jpg
12325;"Нет в наличии";1;select|Размер|70C|1|10|0|-|0.0000|+|0|+|0.00000000|no_image.jpg
12326;"Нет в наличии";1;"select|Размер|80B|1|10|0|-|0.0000|+|0|+|0.00000000|no_image.jpg
select|Размер|75C|1|10|0|-|0.0000|+|0|+|0.00000000|no_image.jpg"
12327;"Нет в наличии";1;"image|Цвет|Белый|1|1|0|+|0.0000|+|0|+|0.00000000|data/colors/white.jpg
image|Цвет|Черный|1|10|1|+|0.0000|+|0|+|0.00000000|data/colors/black.jpg
select|Размер|75C|1|10|1|+|0.0000|+|0|+|0.00000000|no_image.jpg
select|Размер|70B|1|10|0|+|0.0000|+|0|+|0.00000000|no_image.jpg
select|Размер|70A|1|10|0|+|0.0000|+|0|+|0.00000000|no_image.jpg"
12328;"Нет в наличии";1;"image|Цвет|Светло-розовый|1|10|0|-|0.0000|+|0|+|0.00000000|data/colors/light_pink.jpg
select|Размер|70B|1|10|0|-|0.0000|+|0|+|0.00000000|no_image.jpg"
12329;Распродано;1;select|Размер|70C|1|10|0|-|0.0000|+|0|+|0.00000000|no_image.jpg
12332;"Нет в наличии";1;select|Размер|70C|1|10|0|-|0.0000|+|0|+|0.00000000|no_image.jpg
12333;"Нет в наличии";1;"select|Размер|75B|1|10|0|-|0.0000|+|0|+|0.00000000|no_image.jpg
image|Цвет|Черный|1|10|0|-|0.0000|+|0|+|0.00000000|data/colors/black.jpg"
12334;"Нет в наличии";1;"select|Размер|75C|1|10|0|-|0.0000|+|0|+|0.00000000|no_image.jpg
select|Размер|70C|1|10|0|-|0.0000|+|0|+|0.00000000|no_image.jpg
image|Цвет|Красный|1|10|0|-|0.0000|+|0|+|0.00000000|data/colors/red.jpg"
12335;"Нет в наличии";1;"select|Размер|75B|1|10|0|-|0.0000|+|0|+|0.00000000|no_image.jpg
select|Размер|70C|1|10|0|-|0.0000|+|0|+|0.00000000|no_image.jpg"
12336;"Нет в наличии";1;"image|Цвет|Белый|1|10|0|-|0.0000|+|0|+|0.00000000|data/colors/white.jpg
select|Размер|70A|1|10|0|-|0.0000|+|0|+|0.00000000|no_image.jpg"
12337;"Нет в наличии";1;select|Размер|70C|1|10|1|+|0.0000|+|0|+|0.00000000|no_image.jpg
12340;"Нет в наличии";1;select|Размер|75B|1|10|0|-|0.0000|+|0|+|0.00000000|no_image.jpg
12341;"Нет в наличии";1;"select|Размер|75C|1|10|0|-|0.0000|+|0|+|0.00000000|no_image.jpg
select|Размер|75B|1|10|0|-|0.0000|+|0|+|0.00000000|no_image.jpg"
12342;"Нет в наличии";1;select|Размер|75C|1|10|0|-|0.0000|+|0|+|0.00000000|no_image.jpg
12343;"Нет в наличии";1;"select|Размер|85C|1|10|0|-|0.0000|+|0|+|0.00000000|no_image.jpg
select|Размер|85B|1|10|0|-|0.0000|+|0|+|0.00000000|no_image.jpg
select|Размер|80C|1|10|0|-|0.0000|+|0|+|0.00000000|no_image.jpg
select|Размер|75D|1|10|0|-|0.0000|+|0|+|0.00000000|no_image.jpg
select|Размер|75C|1|10|0|-|0.0000|+|0|+|0.00000000|no_image.jpg
select|Размер|75B|1|10|0|-|0.0000|+|0|+|0.00000000|no_image.jpg
select|Размер|75A|1|10|0|-|0.0000|+|0|+|0.00000000|no_image.jpg
select|Размер|70C|1|10|0|-|0.0000|+|0|+|0.00000000|no_image.jpg
select|Размер|70B|1|10|0|-|0.0000|+|0|+|0.00000000|no_image.jpg
select|Размер|70A|1|10|0|-|0.0000|+|0|+|0.00000000|no_image.jpg"
12344;"Нет в наличии";1;"select|Размер|75C|1|10|0|-|0.0000|+|0|+|0.00000000|no_image.jpg
select|Размер|75A|1|10|0|-|0.0000|+|0|+|0.00000000|no_image.jpg
select|Размер|70C|1|10|0|-|0.0000|+|0|+|0.00000000|no_image.jpg"
12345;"Нет в наличии";1;select|Размер|80A|1|10|0|-|0.0000|+|0|+|0.00000000|no_image.jpg
12346;"Нет в наличии";1;"select|Размер|75B|1|10|0|-|0.0000|+|0|+|0.00000000|no_image.jpg
image|Цвет|Красный|1|10|0|-|0.0000|+|0|+|0.00000000|data/colors/red.jpg"
12347;"Нет в наличии";1;"select|Размер|80B|1|10|0|-|0.0000|+|0|+|0.00000000|no_image.jpg
image|Цвет|Черный|1|10|0|-|0.0000|+|0|+|0.00000000|data/colors/black.jpg"
12348;"Нет в наличии";1;select|Размер|70B|1|10|0|-|0.0000|+|0|+|0.00000000|no_image.jpg
12350;"Нет в наличии";1;"select|Размер|70C|1|10|0|-|0.0000|+|0|+|0.00000000|no_image.jpg
select|Размер|70B|1|10|0|-|0.0000|+|0|+|0.00000000|no_image.jpg
image|Цвет|Экри|1|10|0|-|0.0000|+|0|+|0.00000000|data/colors/jekri.jpg"
12351;"Нет в наличии";1;"select|Размер|85C|1|0|0|+|0.0000|+|0|+|0.00000000|no_image.jpg
select|Размер|80C|1|0|0|+|0.0000|+|0|+|0.00000000|no_image.jpg
select|Размер|80B|1|0|0|+|0.0000|+|0|+|0.00000000|no_image.jpg
select|Размер|80A|1|0|0|+|0.0000|+|0|+|0.00000000|no_image.jpg
select|Размер|75D|1|0|0|-|0.0000|+|0|+|0.00000000|no_image.jpg
select|Размер|75B|1|0|0|-|0.0000|+|0|+|0.00000000|no_image.jpg
select|Размер|75A|1|0|0|-|0.0000|+|0|+|0.00000000|no_image.jpg
select|Размер|70D|1|0|0|-|0.0000|+|0|+|0.00000000|no_image.jpg
select|Размер|70C|1|0|0|-|0.0000|+|0|+|0.00000000|no_image.jpg
select|Размер|70B|1|0|0|-|0.0000|+|0|+|0.00000000|no_image.jpg
image|Цвет|Черный|1|0|0|+|0.0000|+|0|+|0.00000000|data/colors/black.jpg
image|Цвет|Экри|1|0|0|-|0.0000|+|0|+|0.00000000|data/colors/jekri.jpg"
12352;"Нет в наличии";1;"select|Размер|M(38)|1|10|1|+|0.0000|+|0|+|0.00000000|no_image.jpg
image|Цвет|Черный|1|10|1|+|0.0000|+|0|+|0.00000000|data/colors/black.jpg
image|Цвет|Телесный натуральный|1|10|1|+|0.0000|+|0|+|0.00000000|data/colors/telesnyj_naturalnyj.jpg"
12353;"Нет в наличии";1;"select|Размер|80C|1|10|0|-|0.0000|+|0|+|0.00000000|no_image.jpg
select|Размер|70C|1|10|0|-|0.0000|+|0|+|0.00000000|no_image.jpg
image|Цвет|Белый|1|10|0|-|0.0000|+|0|+|0.00000000|data/colors/white.jpg"
12354;"Нет в наличии";1;"image|Цвет|Экри|1|10|0|-|0.0000|+|0|+|0.00000000|data/colors/jekri.jpg
select|Размер|75A|1|10|0|-|0.0000|+|0|+|0.00000000|no_image.jpg
select|Размер|70A|1|10|0|-|0.0000|+|0|+|0.00000000|no_image.jpg"
12355;"Нет в наличии";1;"image|Цвет|Белый|1|10|0|-|0.0000|+|0|+|0.00000000|data/colors/white.jpg
select|Размер|80B|1|10|0|-|0.0000|+|0|+|0.00000000|no_image.jpg"
12357;"Нет в наличии";1;"select|Размер|75G|1|10|0|+|0.0000|+|0|+|0.00000000|no_image.jpg
select|Размер|75F|1|10|0|+|0.0000|+|0|+|0.00000000|no_image.jpg
select|Размер|70F|1|10|1|+|0.0000|+|0|+|0.00000000|no_image.jpg
select|Размер|70E|1|10|1|+|0.0000|+|0|+|0.00000000|no_image.jpg"
12359;"Нет в наличии";1;select|Размер|70C|1|10|0|+|0.0000|+|0|+|0.00000000|no_image.jpg
12360;"Нет в наличии";1;"select|Размер|80D|1|10|0|-|0.0000|+|0|+|0.00000000|no_image.jpg
select|Размер|70C|1|10|1|+|0.0000|+|0|+|0.00000000|no_image.jpg"
12362;"Нет в наличии";1;"image|Цвет|Черный|1|10|0|-|0.0000|+|0|+|0.00000000|data/colors/black.jpg
select|Размер|75B|1|10|0|-|0.0000|+|0|+|0.00000000|no_image.jpg"
12363;"Нет в наличии";1;select|Размер|75B|1|10|0|+|0.0000|+|0|+|0.00000000|no_image.jpg
12364;"Нет в наличии";1;"select|Размер|75H|1|10|1|+|0.0000|+|0|+|0.00000000|no_image.jpg
select|Размер|75F|1|10|1|+|0.0000|+|0|+|0.00000000|no_image.jpg
select|Размер|75C|1|10|0|-|0.0000|+|0|+|0.00000000|no_image.jpg"
12365;"Нет в наличии";1;select|Размер|90D|1|10|0|-|0.0000|+|0|+|0.00000000|no_image.jpg
12366;"Нет в наличии";1;"select|Размер|80F|1|10|0|-|0.0000|+|0|+|0.00000000|no_image.jpg
select|Размер|70D|1|10|0|-|0.0000|+|0|+|0.00000000|no_image.jpg"
12367;"Нет в наличии";1;"image|Цвет|Черный|1|10|0|-|0.0000|+|0|+|0.00000000|data/colors/black.jpg
select|Размер|70E|1|10|1|+|0.0000|+|0|+|0.00000000|no_image.jpg"
12368;"Нет в наличии";1;select|Размер|85C|1|10|0|-|0.0000|+|0|+|0.00000000|no_image.jpg
12369;"Нет в наличии";1;"select|Размер|75D|1|10|0|-|0.0000|+|0|+|0.00000000|no_image.jpg
image|Цвет|Бежевый|1|10|0|-|0.0000|+|0|+|0.00000000|data/colors/beige.jpg"
12370;"Нет в наличии";1;select|Размер|75F|1|10|0|-|0.0000|+|0|+|0.00000000|no_image.jpg
12371;"Нет в наличии";1;select|Размер|70C|1|10|0|-|0.0000|+|0|+|0.00000000|no_image.jpg
12372;"Нет в наличии";1;"select|Размер|80B|1|10|0|-|0.0000|+|0|+|0.00000000|no_image.jpg
select|Размер|70F|1|10|1|+|0.0000|+|0|+|0.00000000|no_image.jpg
select|Размер|70C|1|10|1|+|0.0000|+|0|+|0.00000000|no_image.jpg"
12374;"Нет в наличии";1;"image|Цвет|Черный|1|10|0|-|0.0000|+|0|+|0.00000000|data/colors/black.jpg
select|Размер|75F|1|10|0|-|0.0000|+|0|+|0.00000000|no_image.jpg"
12375;"Нет в наличии";1;select|Размер|75B|1|10|0|-|0.0000|+|0|+|0.00000000|no_image.jpg
12376;"Нет в наличии";1;"select|Размер|85C|1|10|0|-|0.0000|+|0|+|0.00000000|no_image.jpg
select|Размер|85B|1|10|0|-|0.0000|+|0|+|0.00000000|no_image.jpg"
12377;"Нет в наличии";1;"image|Цвет|Бирюза|1|10|0|-|0.0000|+|0|+|0.00000000|data/colors/biruza.jpg
image|Цвет|Фиолетовый|1|10|0|-|0.0000|+|0|+|0.00000000|data/colors/fioletovyj.jpg
select|Размер|S(36)|1|10|0|-|0.0000|+|0|+|0.00000000|no_image.jpg
select|Размер|M(38)|1|10|0|-|0.0000|+|0|+|0.00000000|no_image.jpg"
12378;"Нет в наличии";1;"image|Цвет|Голубой 2|1|10|0|-|0.0000|+|0|+|0.00000000|data/colors/goluboj2.jpg
select|Размер|S(36)|1|10|0|-|0.0000|+|0|+|0.00000000|no_image.jpg"
12379;"Нет в наличии";1;"image|Цвет|Розовый|1|10|0|-|0.0000|+|0|+|0.00000000|data/colors/rozovyj.jpg
select|Размер|S(36)|1|10|0|-|0.0000|+|0|+|0.00000000|no_image.jpg"
12380;"Нет в наличии";1;"select|Размер|S(36)|1|10|0|-|0.0000|+|0|+|0.00000000|no_image.jpg
image|Цвет|Коралловый|1|10|0|-|0.0000|+|0|+|0.00000000|data/colors/coral.jpg"
12381;"Нет в наличии";1;"select|Размер|L|1|10|0|-|0.0000|+|0|+|0.00000000|no_image.jpg
image|Цвет|Темно-синий 2|1|10|0|-|0.0000|+|0|+|0.00000000|data/colors/dark_blue1.jpg"
12382;"Нет в наличии";1;"image|Цвет|Белый|1|10|0|-|0.0000|+|0|+|0.00000000|data/colors/white.jpg
image|Цвет|Розовый 2|1|10|0|-|0.0000|+|0|+|0.00000000|data/colors/magenta.jpg
select|Размер|M|1|10|0|-|0.0000|+|0|+|0.00000000|no_image.jpg
select|Размер|L|1|10|0|-|0.0000|+|0|+|0.00000000|no_image.jpg
select|Размер|S|1|10|0|-|0.0000|+|0|+|0.00000000|no_image.jpg"
12383;"Нет в наличии";1;"select|Размер|L|1|10|0|-|0.0000|+|0|+|0.00000000|no_image.jpg
select|Размер|S|1|10|0|-|0.0000|+|0|+|0.00000000|no_image.jpg
image|Цвет|Белый|1|10|0|-|0.0000|+|0|+|0.00000000|data/colors/white.jpg"
12384;"Нет в наличии";1;"select|Размер|116-122|1|10|0|-|0.0000|+|0|+|0.00000000|no_image.jpg
image|Цвет|Коричневый|1|10|0|-|0.0000|+|0|+|0.00000000|data/colors/korichnevyj.jpg"
12385;"Нет в наличии";1;"select|Размер|L(40)|1|10|0|-|0.0000|+|0|+|0.00000000|no_image.jpg
image|Цвет|Сливовый|1|10|0|-|0.0000|+|0|+|0.00000000|data/colors/slivovyj.jpg"
12387;Распродано;1;"image|Цвет|Темно-серый|1|10|0|-|0.0000|+|0|+|0.00000000|data/colors/temnoseriy1.jpg
select|Размер|S/M|1|10|0|-|0.0000|+|0|+|0.00000000|no_image.jpg"
12389;"Нет в наличии";1;"image|Цвет|Серый|1|10|0|-|0.0000|+|0|+|0.00000000|data/colors/seryj.jpg
select|Размер|3|1|10|0|-|0.0000|+|0|+|0.00000000|no_image.jpg"
12390;"Нет в наличии";1;"image|Цвет|Черный|1|10|0|-|0.0000|+|0|+|0.00000000|data/colors/black.jpg
select|Размер|3|1|10|0|-|0.0000|+|0|+|0.00000000|no_image.jpg
select|Размер|2|1|10|0|-|0.0000|+|0|+|0.00000000|no_image.jpg"
12391;"Нет в наличии";1;"select|Размер|3|1|10|0|-|0.0000|+|0|+|0.00000000|no_image.jpg
image|Цвет|Черный-серебро|1|10|0|-|0.0000|+|0|+|0.00000000|data/colors/night_silver.jpg"
12392;"Нет в наличии";1;select|Размер|M(38)|1|10|0|-|0.0000|+|0|+|0.00000000|no_image.jpg
12393;"Нет в наличии";1;"select|Размер|L/XL|1|10|0|-|0.0000|+|0|+|0.00000000|no_image.jpg
select|Размер|S/M|1|10|1|+|0.0000|+|0|+|0.00000000|no_image.jpg
image|Цвет|GRIGIO|1|10|0|-|0.0000|+|0|+|0.00000000|data/colors/grigio_marilyn.jpg"
12394;"Нет в наличии";1;"select|Размер|1/2|1|0|0|-|0.0000|+|0|+|0.00000000|no_image.jpg
image|Цвет|Черный|1|0|0|-|0.0000|+|0|+|0.00000000|data/colors/black.jpg
image|Цвет|Антрацит|1|0|0|-|0.0000|+|0|+|0.00000000|data/colors/antracit.jpg
image|Цвет|Горький шоколад|1|0|0|-|0.0000|+|0|+|0.00000000|data/colors/gorkij_shokolad.jpg"
12395;"Нет в наличии";1;"select|Размер|3|1|10|0|-|0.0000|+|0|+|0.00000000|no_image.jpg
image|Цвет|Черный|1|10|0|-|0.0000|+|0|+|0.00000000|data/colors/black.jpg"
12396;"Нет в наличии";1;"select|Размер|4|1|10|0|-|0.0000|+|0|+|0.00000000|no_image.jpg
select|Размер|3|1|10|0|-|0.0000|+|0|+|0.00000000|no_image.jpg
select|Размер|1/2|1|10|0|-|0.0000|+|0|+|0.00000000|no_image.jpg
image|Цвет|Черный|1|10|0|-|0.0000|+|0|+|0.00000000|data/colors/black.jpg"
12397;"Нет в наличии";1;"select|Размер|1/2|1|10|0|-|0.0000|+|0|+|0.00000000|no_image.jpg
image|Цвет|Черный|1|10|0|-|0.0000|+|0|+|0.00000000|data/colors/black.jpg"
12398;"Нет в наличии";1;"select|Размер|1/2|1|10|0|-|0.0000|+|0|+|0.00000000|no_image.jpg
image|Цвет|Антрацит|1|10|0|-|0.0000|+|0|+|0.00000000|data/colors/antracit.jpg"
12399;"Нет в наличии";1;"select|Размер|1/2|1|10|0|-|0.0000|+|0|+|0.00000000|no_image.jpg
image|Цвет|Антрацит|1|10|0|-|0.0000|+|0|+|0.00000000|data/colors/antracit.jpg"
12400;"Нет в наличии";1;"image|Цвет|Белый|1|10|0|-|0.0000|+|0|+|0.00000000|data/colors/white.jpg
select|Размер|4|1|10|0|-|0.0000|+|0|+|0.00000000|no_image.jpg"
12401;"Нет в наличии";1;"image|Цвет|Белый|1|10|0|-|0.0000|+|0|+|0.00000000|data/colors/white.jpg
image|Цвет|Слоновая кость|1|10|0|-|0.0000|+|0|+|0.00000000|data/colors/slonovaja_kost.jpg
select|Размер|S/M|1|10|0|-|0.0000|+|0|+|0.00000000|no_image.jpg"
12402;"Нет в наличии";1;"select|Размер|L/XL|1|10|0|-|0.0000|+|0|+|0.00000000|no_image.jpg
image|Цвет|Горький шоколад|1|10|0|-|0.0000|+|0|+|0.00000000|data/colors/gorkij_shokolad.jpg"
12403;"Нет в наличии";1;"image|Цвет|Черный|1|10|0|-|0.0000|+|0|+|0.00000000|data/colors/black.jpg
select|Размер|L/XL|1|10|0|-|0.0000|+|0|+|0.00000000|no_image.jpg"
12404;"Нет в наличии";1;"select|Размер|116-122|1|0|0|-|0.0000|+|0|+|0.00000000|no_image.jpg
image|Цвет|Телесный натуральный|1|0|0|-|0.0000|+|0|+|0.00000000|data/colors/telesnyj_naturalnyj.jpg"
12405;"Нет в наличии";1;"select|Размер|3|1|10|0|-|0.0000|+|0|+|0.00000000|no_image.jpg
image|Цвет|Черный|1|10|0|-|0.0000|+|0|+|0.00000000|data/colors/black.jpg
image|Цвет|Антрацит|1|10|0|-|0.0000|+|0|+|0.00000000|data/colors/antracit.jpg"
12406;"Нет в наличии";1;"select|Размер|1/2|1|10|0|-|0.0000|+|0|+|0.00000000|no_image.jpg
image|Цвет|Антрацит|1|10|0|-|0.0000|+|0|+|0.00000000|data/colors/antracit.jpg"
12407;"Нет в наличии";1;"select|Размер|3|1|10|0|-|0.0000|+|0|+|0.00000000|no_image.jpg
select|Размер|1/2|1|10|0|-|0.0000|+|0|+|0.00000000|no_image.jpg
image|Цвет|Коричневый|1|10|0|-|0.0000|+|0|+|0.00000000|data/colors/korichnevyj.jpg
image|Цвет|Темно-серый|1|10|0|-|0.0000|+|0|+|0.00000000|data/colors/temnoseriy1.jpg"
12409;"Нет в наличии";1;"select|Размер|1/2|1|10|0|-|0.0000|+|0|+|0.00000000|no_image.jpg
image|Цвет|Темно-серый|1|10|0|-|0.0000|+|0|+|0.00000000|data/colors/temnoseriy1.jpg"
12410;"Нет в наличии";1;"image|Цвет|Белый|1|10|0|-|0.0000|+|0|+|0.00000000|data/colors/white.jpg
select|Размер|S/M|1|10|0|-|0.0000|+|0|+|0.00000000|no_image.jpg"
12411;"Нет в наличии";1;"image|Цвет|Черный|1|10|0|-|0.0000|+|0|+|0.00000000|data/colors/black.jpg
select|Размер|4|1|10|0|-|0.0000|+|0|+|0.00000000|no_image.jpg"
12412;"Нет в наличии";1;"image|Цвет|Черный|1|10|0|-|0.0000|+|0|+|0.00000000|data/colors/black.jpg
select|Размер|5(XL)|1|10|0|-|0.0000|+|0|+|0.00000000|no_image.jpg"
12413;"Нет в наличии";1;"select|Размер|1/2|1|10|0|-|0.0000|+|0|+|0.00000000|no_image.jpg
image|Цвет|Черный|1|10|0|-|0.0000|+|0|+|0.00000000|data/colors/black.jpg"
12414;"Нет в наличии";1;"select|Размер|4|1|10|0|-|0.0000|+|0|+|0.00000000|no_image.jpg
image|Цвет|Черный|1|10|0|-|0.0000|+|0|+|0.00000000|data/colors/black.jpg"
12415;"Нет в наличии";1;"image|Цвет|Черный|1|10|0|-|0.0000|+|0|+|0.00000000|data/colors/black.jpg
select|Размер|4|1|10|0|-|0.0000|+|0|+|0.00000000|no_image.jpg"
12416;"Нет в наличии";1;"select|Размер|4|1|10|0|-|0.0000|+|0|+|0.00000000|no_image.jpg
select|Размер|3|1|10|0|-|0.0000|+|0|+|0.00000000|no_image.jpg
image|Цвет|Черный|1|10|0|-|0.0000|+|0|+|0.00000000|data/colors/black.jpg"
12417;"Нет в наличии";1;"select|Размер|3|1|10|0|-|0.0000|+|0|+|0.00000000|no_image.jpg
image|Цвет|VISONE|1|10|0|-|0.0000|+|0|+|0.00000000|data/colors/visone_marilyn.jpg
image|Цвет|ANTRACIT|1|10|0|-|0.0000|+|0|+|0.00000000|data/colors/antracit_marilyn.jpg
image|Цвет|Черный|1|10|0|-|0.0000|+|0|+|0.00000000|data/colors/black.jpg"
12418;"Нет в наличии";1;"select|Размер|4|1|0|0|+|0.0000|+|0|+|0.00000000|no_image.jpg
select|Размер|2|1|0|0|-|0.0000|+|0|+|0.00000000|no_image.jpg
image|Цвет|GRIGIO|1|0|0|+|0.0000|+|0|+|0.00000000|data/colors/grigio_marilyn.jpg
image|Цвет|Кремовый|1|0|0|-|0.0000|+|0|+|0.00000000|data/colors/kremovyj.jpg"
12419;"Нет в наличии";1;"image|Цвет|Кремовый|1|10|0|+|0.0000|+|0|+|0.00000000|data/colors/kremovyj.jpg
image|Цвет|Черный|1|10|0|-|0.0000|+|0|+|0.00000000|data/colors/black.jpg
select|Размер|4|1|10|0|-|0.0000|+|0|+|0.00000000|no_image.jpg
select|Размер|3|1|10|0|-|0.0000|+|0|+|0.00000000|no_image.jpg
select|Размер|2|1|10|0|-|0.0000|+|0|+|0.00000000|no_image.jpg"
12420;"Нет в наличии";1;"image|Цвет|Черный|1|10|0|-|0.0000|+|0|+|0.00000000|data/colors/black.jpg
select|Размер|5|1|10|0|-|0.0000|+|0|+|0.00000000|no_image.jpg"
12421;"Нет в наличии";1;"select|Размер|6|1|10|0|-|0.0000|+|0|+|0.00000000|no_image.jpg
select|Размер|5|1|10|0|-|0.0000|+|0|+|0.00000000|no_image.jpg
image|Цвет|Черный|1|10|0|-|0.0000|+|0|+|0.00000000|data/colors/black.jpg"
12422;"Нет в наличии";0;"select|Размер|70C|1|10|0|-|0.0000|+|0|+|0.00000000|no_image.jpg
select|Размер|70B|1|10|0|-|0.0000|+|0|+|0.00000000|no_image.jpg
select|Размер|XL(42)|1|10|0|-|0.0000|+|0|+|0.00000000|no_image.jpg
select|Размер|S(36)|1|10|0|-|0.0000|+|0|+|0.00000000|no_image.jpg
image|Цвет|Шампанский|1|10|0|-|0.0000|+|0|+|0.00000000|data/colors/shampanskij.jpg"
12423;"Нет в наличии";0;"image|Цвет|Шампанский|1|10|0|-|0.0000|+|0|+|0.00000000|data/colors/shampanskij.jpg
select|Размер|85C|1|10|0|-|0.0000|+|0|+|0.00000000|no_image.jpg
select|Размер|75F|1|10|0|-|0.0000|+|0|+|0.00000000|no_image.jpg
select|Размер|70D|1|10|1|+|0.0000|+|0|+|0.00000000|no_image.jpg
select|Размер|70B|1|10|0|-|0.0000|+|0|+|0.00000000|no_image.jpg
select|Размер|XL(42)|1|10|0|-|0.0000|+|0|+|0.00000000|no_image.jpg
select|Размер|S(36)|1|10|0|-|0.0000|+|0|+|0.00000000|no_image.jpg"
12426;"Нет в наличии";0;"image|Цвет|Белый|1|10|0|-|0.0000|+|0|+|0.00000000|data/colors/white.jpg
select|Размер|80D|1|10|0|-|0.0000|+|0|+|0.00000000|no_image.jpg
select|Размер|70C|1|10|0|-|0.0000|+|0|+|0.00000000|no_image.jpg
select|Размер|L(40)|1|10|0|+|0.0000|+|0|+|0.00000000|no_image.jpg"
12428;"Нет в наличии";1;"select|Размер|75H|1|10|0|-|0.0000|+|0|+|0.00000000|no_image.jpg
select|Размер|75F|1|10|0|-|0.0000|+|0|+|0.00000000|no_image.jpg
select|Размер|75C|1|10|0|-|0.0000|+|0|+|0.00000000|no_image.jpg
select|Размер|S(36)|1|1|1|+|0.0000|+|0|+|0.00000000|no_image.jpg"
12429;"Нет в наличии";0;"select|Размер|70C|1|10|0|-|0.0000|+|0|+|0.00000000|no_image.jpg
select|Размер|S(36)|1|10|0|-|0.0000|+|0|+|0.00000000|no_image.jpg"
12431;"Нет в наличии";0;"select|Размер|75F|1|1|1|+|0.0000|+|0|+|0.00000000|no_image.jpg
select|Размер|XL(42)|1|10|1|+|0.0000|+|0|+|0.00000000|no_image.jpg"
12432;"Нет в наличии";0;"select|Размер|70C|1|10|0|-|0.0000|+|0|+|0.00000000|no_image.jpg
select|Размер|S(36)|1|10|0|-|0.0000|+|0|+|0.00000000|no_image.jpg
select|Размер|M(38)|1|10|0|-|0.0000|+|0|+|0.00000000|no_image.jpg"
12433;"Нет в наличии";0;"select|Размер|80B|1|10|0|-|0.0000|+|0|+|0.00000000|no_image.jpg
select|Размер|70F|1|10|1|+|0.0000|+|0|+|0.00000000|no_image.jpg
select|Размер|70C|1|10|1|+|0.0000|+|0|+|0.00000000|no_image.jpg
select|Размер|L(40)|1|10|0|-|0.0000|+|0|+|0.00000000|no_image.jpg
select|Размер|M(38)|1|10|0|-|0.0000|+|0|+|0.00000000|no_image.jpg"
12434;"Нет в наличии";0;"select|Размер|70C|1|10|0|-|0.0000|+|0|+|0.00000000|no_image.jpg
select|Размер|M(38)|1|10|0|-|0.0000|+|0|+|0.00000000|no_image.jpg"
12436;"Нет в наличии";0;"select|Размер|70C|1|10|0|-|0.0000|+|0|+|0.00000000|no_image.jpg
select|Размер|S(36)|1|10|0|-|0.0000|+|0|+|0.00000000|no_image.jpg"
12437;"Нет в наличии";1;"image|Цвет|Черный|1|10|0|-|0.0000|+|0|+|0.00000000|data/colors/black.jpg
select|Размер|M(38)|1|10|0|-|0.0000|+|0|+|0.00000000|no_image.jpg
select|Размер|75B|1|1|1|+|0.0000|+|0|+|0.00000000|no_image.jpg"
12438;"Нет в наличии";1;"image|Цвет|Красный|1|10|0|-|0.0000|+|0|+|0.00000000|data/colors/red.jpg
select|Размер|L(40)|1|1|1|+|0.0000|+|0|+|0.00000000|no_image.jpg
select|Размер|M(38)|1|1|1|+|0.0000|+|0|+|0.00000000|no_image.jpg
select|Размер|75C|1|10|0|-|0.0000|+|0|+|0.00000000|no_image.jpg
select|Размер|70C|1|10|0|-|0.0000|+|0|+|0.00000000|no_image.jpg"
12439;"Нет в наличии";1;"select|Размер|75B|1|1|1|+|0.0000|+|0|+|0.00000000|no_image.jpg
select|Размер|70C|1|1|1|+|0.0000|+|0|+|0.00000000|no_image.jpg
select|Размер|L(40)|1|10|0|-|0.0000|+|0|+|0.00000000|no_image.jpg
select|Размер|S(36)|1|10|0|-|0.0000|+|0|+|0.00000000|no_image.jpg
select|Размер|M(38)|1|10|0|-|0.0000|+|0|+|0.00000000|no_image.jpg"
12440;"Нет в наличии";1;"select|Размер|L(40)|1|1|1|+|0.0000|+|0|+|0.00000000|no_image.jpg
select|Размер|M(38)|1|1|1|+|0.0000|+|0|+|0.00000000|no_image.jpg
select|Размер|75C|1|10|0|-|0.0000|+|0|+|0.00000000|no_image.jpg
select|Размер|75A|1|10|0|-|0.0000|+|0|+|0.00000000|no_image.jpg
select|Размер|70C|1|10|0|-|0.0000|+|0|+|0.00000000|no_image.jpg"
12441;"Нет в наличии";1;"select|Размер|70B|1|1|1|+|0.0000|+|0|+|0.00000000|no_image.jpg
select|Размер|S(36)|1|10|0|-|0.0000|+|0|+|0.00000000|no_image.jpg
select|Размер|M(38)|1|10|0|-|0.0000|+|0|+|0.00000000|no_image.jpg"
12442;"Нет в наличии";0;"image|Цвет|Экри|1|10|0|-|0.0000|+|0|+|0.00000000|data/colors/jekri.jpg
select|Размер|75A|1|10|0|-|0.0000|+|0|+|0.00000000|no_image.jpg
select|Размер|70A|1|10|0|-|0.0000|+|0|+|0.00000000|no_image.jpg
select|Размер|S(36)|1|10|0|-|0.0000|+|0|+|0.00000000|no_image.jpg
select|Размер|M(38)|1|10|0|-|0.0000|+|0|+|0.00000000|no_image.jpg"
12443;"Нет в наличии";1;"select|Размер|M(38)|1|1|1|+|0.0000|+|0|+|0.00000000|no_image.jpg
select|Размер|70C|1|10|1|+|0.0000|+|0|+|0.00000000|no_image.jpg"
12444;"Нет в наличии";1;"select|Размер|L(40)|1|10|1|+|0.0000|+|0|+|0.00000000|no_image.jpg
select|Размер|S(36)|1|10|0|-|0.0000|+|0|+|0.00000000|no_image.jpg
select|Размер|M(38)|1|10|0|-|0.0000|+|0|+|0.00000000|no_image.jpg
select|Размер|75B|1|1|1|+|0.0000|+|0|+|0.00000000|no_image.jpg"
12445;"Нет в наличии";1;"select|Размер|S(36)|1|1|1|+|0.0000|+|0|+|0.00000000|no_image.jpg
select|Размер|M(38)|1|1|1|+|0.0000|+|0|+|0.00000000|no_image.jpg
select|Размер|75C|1|10|0|-|0.0000|+|0|+|0.00000000|no_image.jpg
select|Размер|75B|1|10|0|-|0.0000|+|0|+|0.00000000|no_image.jpg
select|Размер|S(36)|1|10|0|-|0.0000|+|0|+|0.00000000|no_image.jpg
select|Размер|M(38)|1|10|0|-|0.0000|+|0|+|0.00000000|no_image.jpg"
12446;"Нет в наличии";1;"select|Размер|75C|1|1|1|+|0.0000|+|0|+|0.00000000|no_image.jpg
select|Размер|S(36)|1|10|0|-|0.0000|+|0|+|0.00000000|no_image.jpg
select|Размер|M(38)|1|10|0|-|0.0000|+|0|+|0.00000000|no_image.jpg"
12447;"Нет в наличии";1;"select|Размер|85C|1|10|0|-|0.0000|+|0|+|0.00000000|no_image.jpg
select|Размер|85B|1|10|0|-|0.0000|+|0|+|0.00000000|no_image.jpg
select|Размер|80C|1|10|0|-|0.0000|+|0|+|0.00000000|no_image.jpg
select|Размер|75D|1|10|0|-|0.0000|+|0|+|0.00000000|no_image.jpg
select|Размер|75C|1|10|0|-|0.0000|+|0|+|0.00000000|no_image.jpg
select|Размер|75B|1|10|0|-|0.0000|+|0|+|0.00000000|no_image.jpg
select|Размер|75A|1|10|0|-|0.0000|+|0|+|0.00000000|no_image.jpg
select|Размер|70C|1|10|0|-|0.0000|+|0|+|0.00000000|no_image.jpg
select|Размер|70B|1|10|0|-|0.0000|+|0|+|0.00000000|no_image.jpg
select|Размер|70A|1|10|0|-|0.0000|+|0|+|0.00000000|no_image.jpg
select|Размер|XL(42)|1|5|1|+|0.0000|+|0|+|0.00000000|no_image.jpg
select|Размер|L(40)|1|5|1|+|0.0000|+|0|+|0.00000000|no_image.jpg
select|Размер|S(36)|1|5|1|+|0.0000|+|0|+|0.00000000|no_image.jpg
select|Размер|M(38)|1|5|1|+|0.0000|+|0|+|0.00000000|no_image.jpg"
12448;"Нет в наличии";1;"select|Размер|L(40)|1|10|0|+|0.0000|+|0|+|0.00000000|no_image.jpg
select|Размер|M(38)|1|10|0|+|0.0000|+|0|+|0.00000000|no_image.jpg
select|Размер|75B|1|1|1|+|0.0000|+|0|+|0.00000000|no_image.jpg"
12449;"Нет в наличии";1;"select|Размер|S(36)|1|1|1|+|0.0000|+|0|+|0.00000000|no_image.jpg
select|Размер|M(38)|1|1|1|+|0.0000|+|0|+|0.00000000|no_image.jpg
select|Размер|80C|1|10|0|+|0.0000|+|0|+|0.00000000|no_image.jpg
select|Размер|75D|1|10|0|+|0.0000|+|0|+|0.00000000|no_image.jpg
select|Размер|S(36)|1|10|0|+|0.0000|+|0|+|0.00000000|no_image.jpg
select|Размер|M(38)|1|10|1|+|0.0000|+|0|+|0.00000000|no_image.jpg"
12450;"Нет в наличии";1;"select|Размер|XL(42)|1|10|0|+|0.0000|+|0|+|0.00000000|no_image.jpg
select|Размер|L(40)|1|10|0|-|0.0000|+|0|+|0.00000000|no_image.jpg
select|Размер|M(38)|1|10|0|-|0.0000|+|0|+|0.00000000|no_image.jpg
select|Размер|85D|1|1|1|+|0.0000|+|0|+|0.00000000|no_image.jpg"
12452;"Нет в наличии";0;"select|Размер|90D|1|10|0|-|0.0000|+|0|+|0.00000000|no_image.jpg
select|Размер|80F|1|10|0|-|0.0000|+|0|+|0.00000000|no_image.jpg
select|Размер|XL(42)|1|10|0|-|0.0000|+|0|+|0.00000000|no_image.jpg
select|Размер|L(40)|1|10|0|-|0.0000|+|0|+|0.00000000|no_image.jpg"
12453;"Нет в наличии";1;"select|Размер|XL(42)|1|1|1|+|0.0000|+|0|+|0.00000000|no_image.jpg
select|Размер|L(40)|1|1|1|+|0.0000|+|0|+|0.00000000|no_image.jpg
select|Размер|95C|1|10|0|-|0.0000|+|0|+|0.00000000|no_image.jpg
select|Размер|90C|1|10|0|-|0.0000|+|0|+|0.00000000|no_image.jpg
select|Размер|85E|1|10|0|-|0.0000|+|0|+|0.00000000|no_image.jpg
select|Размер|85D|1|10|0|-|0.0000|+|0|+|0.00000000|no_image.jpg
select|Размер|85C|1|10|0|-|0.0000|+|0|+|0.00000000|no_image.jpg"
12454;"Нет в наличии";1;"select|Размер|75B|1|1|1|+|0.0000|+|0|+|0.00000000|no_image.jpg
select|Размер|S(36)|1|10|0|-|0.0000|+|0|+|0.00000000|no_image.jpg
select|Размер|M(38)|1|10|1|+|0.0000|+|0|+|0.00000000|no_image.jpg"
12456;"Нет в наличии";1;"select|Размер|80B|1|10|0|-|0.0000|+|0|+|0.00000000|no_image.jpg
select|Размер|XL(42)|1|10|0|-|0.0000|+|0|+|0.00000000|no_image.jpg"
12458;"Нет в наличии";1;"image|Цвет|Белый|1|10|0|-|0.0000|+|0|+|0.00000000|data/colors/white.jpg
select|Размер|70D|1|10|0|-|0.0000|+|0|+|0.00000000|no_image.jpg"
12459;"Нет в наличии";1;"image|Цвет|Черный|1|10|0|-|0.0000|+|0|+|0.00000000|data/colors/black.jpg
select|Размер|S(36)|1|10|0|-|0.0000|+|0|+|0.00000000|no_image.jpg"
12460;"Нет в наличии";1;select|Размер|42C|1|10|0|-|0.0000|+|0|+|0.00000000|no_image.jpg
12461;"Нет в наличии";1;select|Размер|40B|1|10|0|-|0.0000|+|0|+|0.00000000|no_image.jpg
12462;"Нет в наличии";1;select|Размер|38B|1|10|0|-|0.0000|+|0|+|0.00000000|no_image.jpg
12463;"Нет в наличии";1;select|Размер|38B|1|10|0|-|0.0000|+|0|+|0.00000000|no_image.jpg
12464;"Нет в наличии";1;"image|Цвет|Розовый 2|1|10|0|-|0.0000|+|0|+|0.00000000|data/colors/magenta.jpg
select|Размер|S/M|1|10|0|-|0.0000|+|0|+|0.00000000|no_image.jpg"
12466;"Нет в наличии";1;"image|Цвет|Темно-синий|1|10|0|-|0.0000|+|0|+|0.00000000|data/colors/temno-sinij.jpg
select|Размер|S/M|1|10|1|+|0.0000|+|0|+|0.00000000|no_image.jpg"
12467;"Нет в наличии";1;select|Размер|1/2|1|10|0|-|0.0000|+|0|+|0.00000000|no_image.jpg
12468;"Нет в наличии";1;"select|Размер|3/4|1|10|0|-|0.0000|+|0|+|0.00000000|no_image.jpg
select|Размер|1/2|1|10|0|-|0.0000|+|0|+|0.00000000|no_image.jpg"
12469;"Нет в наличии";1;"select|Размер|XL(42)|1|10|1|+|0.0000|+|0|+|0.00000000|no_image.jpg
image|Цвет|Лазурный|1|10|0|+|0.0000|+|0|+|0.00000000|data/colors/lazurnyj.jpg"
12472;"Нет в наличии";1;"select|Размер|S(46)|1|10|0|-|0.0000|+|0|+|0.00000000|no_image.jpg
select|Размер|XL(52)|1|10|0|-|0.0000|+|0|+|0.00000000|no_image.jpg
select|Размер|L(50)|1|10|0|-|0.0000|+|0|+|0.00000000|no_image.jpg
image|Цвет|Белый|1|10|0|-|0.0000|+|0|+|0.00000000|data/colors/white.jpg"
12473;"Нет в наличии";1;"select|Размер|S(46)|1|10|0|-|0.0000|+|0|+|0.00000000|no_image.jpg
image|Цвет|Черный|1|10|0|-|0.0000|+|0|+|0.00000000|data/colors/black.jpg"
12474;"Нет в наличии";1;"select|Размер|M(38)|1|10|0|-|0.0000|+|0|+|0.00000000|no_image.jpg
image|Цвет|Черный|1|10|0|-|0.0000|+|0|+|0.00000000|data/colors/black.jpg"
12475;"Нет в наличии";1;"select|Размер|M(38)|1|10|0|-|0.0000|+|0|+|0.00000000|no_image.jpg
image|Цвет|Черный|1|10|0|-|0.0000|+|0|+|0.00000000|data/colors/black.jpg"
12476;"Нет в наличии";1;select|Размер|M(38)|1|10|0|-|0.0000|+|0|+|0.00000000|no_image.jpg
12477;"Нет в наличии";1;select|Размер|L(40)|1|10|0|-|0.0000|+|0|+|0.00000000|no_image.jpg
12478;"Нет в наличии";1;select|Размер|L(40)|1|10|0|-|0.0000|+|0|+|0.00000000|no_image.jpg
12480;"Нет в наличии";1;"image|Цвет|Кремовый|1|10|0|-|0.0000|+|0|+|0.00000000|data/colors/kremovyj.jpg
select|Размер|L(40)|1|10|0|-|0.0000|+|0|+|0.00000000|no_image.jpg"
12482;"Нет в наличии";1;select|Размер|80B|1|10|0|-|0.0000|+|0|+|0.00000000|no_image.jpg
12485;"Нет в наличии";1;"select|Размер|85B|1|10|0|-|0.0000|+|0|+|0.00000000|no_image.jpg
image|Цвет|Белый|1|10|0|-|0.0000|+|0|+|0.00000000|data/colors/white.jpg"
12486;"Нет в наличии";1;"image|Цвет|Черный|1|10|0|-|0.0000|+|0|+|0.00000000|data/colors/black.jpg
image|Цвет|Телесный с дымчатым оттенком|1|10|0|-|0.0000|+|0|+|0.00000000|data/colors/telesny_dym.jpg
image|Цвет|Телесный светлый|1|10|0|-|0.0000|+|0|+|0.00000000|data/colors/telesny_svetlyi.jpg
image|Цвет|Телесный натуральный|1|10|0|-|0.0000|+|0|+|0.00000000|data/colors/telesnyj_naturalnyj.jpg"
12488;"Нет в наличии";1;"select|Размер|1/2|1|10|0|-|0.0000|+|0|+|0.00000000|no_image.jpg
image|Цвет|Антрацит|1|10|0|-|0.0000|+|0|+|0.00000000|data/colors/antracit.jpg"
12489;"Нет в наличии";1;"image|Цвет|Черный|1|0|0|-|0.0000|+|0|+|0.00000000|data/colors/black.jpg
image|Цвет|Телесный загар|1|0|0|-|0.0000|+|0|+|0.00000000|data/colors/telesnyj_zagar.jpg
select|Размер|L/XL|1|0|0|-|0.0000|+|0|+|0.00000000|no_image.jpg
select|Размер|S/M|1|0|0|-|0.0000|+|0|+|0.00000000|no_image.jpg"
12490;"Нет в наличии";1;"select|Размер|L(40)|1|10|0|-|0.0000|+|0|+|0.00000000|no_image.jpg
image|Цвет|Капучино|1|10|0|-|0.0000|+|0|+|0.00000000|data/colors/cappucino.jpg"
12491;"Нет в наличии";1;"select|Размер|38|1|10|0|-|0.0000|+|0|+|0.00000000|no_image.jpg
select|Размер|36|1|10|0|-|0.0000|+|0|+|0.00000000|no_image.jpg
image|Цвет|Голубой|1|10|0|-|0.0000|+|0|+|0.00000000|data/colors/goluboj.jpg
image|Цвет|Фиолетовый|1|10|0|-|0.0000|+|0|+|0.00000000|data/colors/fioletovyj.jpg"
12492;"Нет в наличии";1;"select|Размер|36|1|0|0|-|0.0000|+|0|+|0.00000000|no_image.jpg
image|Цвет|Фиолетовый|1|0|0|-|0.0000|+|0|+|0.00000000|data/colors/fioletovyj.jpg"
12493;"Нет в наличии";1;select|Размер|36|1|10|0|-|0.0000|+|0|+|0.00000000|no_image.jpg
12494;"Нет в наличии";1;select|Размер|36/38|1|10|0|-|0.0000|+|0|+|0.00000000|no_image.jpg
12495;"Нет в наличии";1;"select|Размер|M(38)|1|10|0|-|0.0000|+|0|+|0.00000000|no_image.jpg
image|Цвет|Белый|1|10|0|-|0.0000|+|0|+|0.00000000|data/colors/white.jpg"
12498;"Нет в наличии";1;"image|Цвет|Белый|1|10|0|-|0.0000|+|0|+|0.00000000|data/colors/white.jpg
select|Размер|2|1|10|0|-|0.0000|+|0|+|0.00000000|no_image.jpg"
12499;"Нет в наличии";1;"image|Цвет|Белый|1|10|0|-|0.0000|+|0|+|0.00000000|data/colors/white.jpg
select|Размер|1/2|1|10|0|-|0.0000|+|0|+|0.00000000|no_image.jpg"
12500;"Нет в наличии";1;"image|Цвет|Белый|1|10|0|-|0.0000|+|0|+|0.00000000|data/colors/white.jpg
select|Размер|1/2|1|10|0|-|0.0000|+|0|+|0.00000000|no_image.jpg"
12501;"Нет в наличии";1;"image|Цвет|Белый|1|10|0|-|0.0000|+|0|+|0.00000000|data/colors/white.jpg
select|Размер|1/2|1|10|0|-|0.0000|+|0|+|0.00000000|no_image.jpg"
12502;"Нет в наличии";1;"image|Цвет|Белый|1|10|1|+|0.0000|+|0|+|0.00000000|data/colors/white.jpg
select|Размер|1/2|1|10|0|-|0.0000|+|0|+|0.00000000|no_image.jpg"
12503;"Нет в наличии";1;"select|Размер|XL(42)|1|10|1|+|0.0000|+|0|+|0.00000000|no_image.jpg
select|Размер|S(36)|1|10|0|-|0.0000|+|0|+|0.00000000|no_image.jpg
select|Размер|M(38)|1|10|1|+|0.0000|+|0|+|0.00000000|no_image.jpg"
12504;"Нет в наличии";1;"image|Цвет|Светло-серый|1|10|0|-|0.0000|+|0|+|0.00000000|data/colors/svetloseriy.jpg
select|Размер|S(36)|1|10|0|-|0.0000|+|0|+|0.00000000|no_image.jpg"
12505;"Нет в наличии";1;"image|Цвет|Бирюза|1|10|0|-|0.0000|+|0|+|0.00000000|data/colors/biruza.jpg
select|Размер|S(36)|1|10|0|-|0.0000|+|0|+|0.00000000|no_image.jpg"
12507;"Нет в наличии";1;"image|Цвет|Розовый 2|1|10|0|-|0.0000|+|0|+|0.00000000|data/colors/magenta.jpg
select|Размер|S(36)|1|10|0|-|0.0000|+|0|+|0.00000000|no_image.jpg
select|Размер|M(38)|1|10|0|-|0.0000|+|0|+|0.00000000|no_image.jpg"
12508;"Нет в наличии";1;select|Размер|M(38)|1|10|0|-|0.0000|+|0|+|0.00000000|no_image.jpg
12509;"Нет в наличии";1;"select|Размер|S(36)|1|10|0|-|0.0000|+|0|+|0.00000000|no_image.jpg
select|Размер|M(38)|1|10|0|-|0.0000|+|0|+|0.00000000|no_image.jpg"
12510;"Нет в наличии";1;"image|Цвет|Серый меланж|1|10|0|+|0.0000|+|0|+|0.00000000|data/colors/gray_melange.jpg
select|Размер|L(40)|1|10|0|+|0.0000|+|0|+|0.00000000|no_image.jpg
select|Размер|S(36)|1|10|0|+|0.0000|+|0|+|0.00000000|no_image.jpg
select|Размер|M(38)|1|10|0|+|0.0000|+|0|+|0.00000000|no_image.jpg"
12513;"Нет в наличии";1;"image|Цвет|Графит|1|0|0|-|0.0000|+|0|+|0.00000000|data/colors/grafit.jpg
image|Цвет|Платиновый|1|0|0|-|0.0000|+|0|+|0.00000000|data/colors/platinovyj.jpg
select|Размер|4|1|0|0|-|0.0000|+|0|+|0.00000000|no_image.jpg
select|Размер|3|1|0|0|-|0.0000|+|0|+|0.00000000|no_image.jpg
select|Размер|1/2|1|0|0|-|0.0000|+|0|+|0.00000000|no_image.jpg"
12514;"Нет в наличии";1;"image|Цвет|Антрацит|1|10|0|-|0.0000|+|0|+|0.00000000|data/colors/antracit.jpg
select|Размер|4|1|10|0|-|0.0000|+|0|+|0.00000000|no_image.jpg"
12515;"Нет в наличии";1;"select|Размер|4|1|0|0|-|0.0000|+|0|+|0.00000000|no_image.jpg
select|Размер|3|1|0|0|-|0.0000|+|0|+|0.00000000|no_image.jpg
select|Размер|1/2|1|0|0|-|0.0000|+|0|+|0.00000000|no_image.jpg
image|Цвет|Платиновый|1|0|0|-|0.0000|+|0|+|0.00000000|data/colors/platinovyj.jpg"
12516;"Нет в наличии";1;"select|Размер|3|1|10|0|-|0.0000|+|0|+|0.00000000|no_image.jpg
image|Цвет|Антрацит|1|10|0|-|0.0000|+|0|+|0.00000000|data/colors/antracit.jpg"
12518;"Нет в наличии";1;"select|Размер|XL(42)|1|10|0|-|0.0000|+|0|+|0.00000000|no_image.jpg
image|Цвет|Бежевый|1|10|0|-|0.0000|+|0|+|0.00000000|data/colors/beige.jpg"
12520;"Нет в наличии";1;select|Размер|80F|1|10|0|-|0.0000|+|0|+|0.00000000|no_image.jpg
12521;"Нет в наличии";1;select|Размер|L(40)|1|10|0|-|0.0000|+|0|+|0.00000000|no_image.jpg
12522;"Нет в наличии";1;"select|Размер|XL(42)|1|10|0|-|0.0000|+|0|+|0.00000000|no_image.jpg
image|Цвет|Белый|1|10|0|-|0.0000|+|0|+|0.00000000|data/colors/white.jpg"
12523;"Нет в наличии";1;"image|Цвет|Белый|1|10|0|-|0.0000|+|0|+|0.00000000|data/colors/white.jpg
select|Размер|S(36)|0|10|0|1|0.0000|0|0|0|0.00000000|no_image.jpg"
12524;"Нет в наличии";1;"image|Цвет|Белый|1|10|0|-|0.0000|+|0|+|0.00000000|data/colors/white.jpg
image|Цвет|Черный|1|10|0|-|0.0000|+|0|+|0.00000000|data/colors/black.jpg
image|Цвет|Телесный натуральный|1|10|0|-|0.0000|+|0|+|0.00000000|data/colors/telesnyj_naturalnyj.jpg
select|Размер|L(40)|1|10|0|-|0.0000|+|0|+|0.00000000|no_image.jpg"
