_ID_;_NAME_;_STATUS_;_OPTIONS_
11088;"Бюстгальтер пуш-ап ""анжелика"" с кружевом Kinga 2408 Oksanai";1;"select|Размер|80E|1|4|1|+|0.0000|+|0|+|0.00000000|no_image.jpg
select|Размер|80D|1|8|1|+|0.0000|+|0|+|0.00000000|no_image.jpg
select|Размер|80C|1|29|1|+|0.0000|+|0|+|0.00000000|no_image.jpg
select|Размер|75F|1|32|1|+|0.0000|+|0|+|0.00000000|no_image.jpg
select|Размер|75E|1|10|1|+|0.0000|+|0|+|0.00000000|no_image.jpg
select|Размер|75D|1|37|1|+|0.0000|+|0|+|0.00000000|no_image.jpg
select|Размер|75C|1|45|1|+|0.0000|+|0|+|0.00000000|no_image.jpg
select|Размер|75B|1|21|1|+|0.0000|+|0|+|0.00000000|no_image.jpg
select|Размер|70F|1|21|1|+|0.0000|+|0|+|0.00000000|no_image.jpg
select|Размер|70E|1|23|1|+|0.0000|+|0|+|0.00000000|no_image.jpg
select|Размер|70D|1|10|1|+|0.0000|+|0|+|0.00000000|no_image.jpg
select|Размер|70C|1|4|1|+|0.0000|+|0|+|0.00000000|no_image.jpg
select|Размер|70A|1|3|1|+|0.0000|+|0|+|0.00000000|no_image.jpg
select|Размер|65G|1|6|1|+|0.0000|+|0|+|0.00000000|no_image.jpg
select|Размер|65F|1|11|1|+|0.0000|+|0|+|0.00000000|no_image.jpg
select|Размер|65E|1|7|1|+|0.0000|+|0|+|0.00000000|no_image.jpg
select|Размер|65D|1|5|1|+|0.0000|+|0|+|0.00000000|no_image.jpg
image|Цвет|Жемчуг|1|197|1|+|0.0000|+|0|+|0.00000000|data/colors/jekri.jpg
image|Цвет|Белый|1|79|1|+|0.0000|+|0|+|0.00000000|data/colors/white.jpg"
12240;"Хлопковая женская ночнушка/платье Dobranocka 6012 TM";1;"select|Размер|M(38)|1|10|0|-|0.0000|+|0|+|0.00000000|no_image.jpg
image|Цвет|Лазурный|1|10|0|-|0.0000|+|0|+|0.00000000|data/colors/lazurnyj.jpg"
12242;"Женская хлопковая майка Eldar Catherine";1;"select|Размер|S(36)|1|10|0|-|0.0000|+|0|+|0.00000000|no_image.jpg
image|Цвет|Черный|1|10|0|-|0.0000|+|0|+|0.00000000|data/colors/black.jpg"
12243;"Женская блузка из мягкой вискозы с кружевом Eldar Margaret";1;"image|Цвет|Черный|1|10|0|-|0.0000|+|0|+|0.00000000|data/colors/black.jpg
select|Размер|L(40)|1|10|0|-|0.0000|+|0|+|0.00000000|no_image.jpg"
12244;"Блузка женская Eldar Pamela";1;"image|Цвет|Черный|1|10|0|-|0.0000|+|0|+|0.00000000|data/colors/black.jpg
select|Размер|S(36)|1|10|0|-|0.0000|+|0|+|0.00000000|no_image.jpg"
12245;"Женская кружевная сорочка на тонких бретелях Eldar Roma";1;"select|Размер|S(36)|1|1|0|-|0.0000|+|0|+|0.00000000|no_image.jpg
select|Размер|M(38)|1|1|0|+|0.0000|+|0|+|0.00000000|no_image.jpg
image|Цвет|Черный|1|5|0|-|0.0000|+|0|+|0.00000000|data/colors/black.jpg
image|Цвет|Темно-синий 2|1|5|0|+|0.0000|+|0|+|0.00000000|data/colors/dark_blue1.jpg"
12246;"Женские белые чулки под пояс с кружевной коронкой Gatta Venus 20";1;"select|Размер|1-2|1|10|0|-|0.0000|+|0|+|0.00000000|no_image.jpg
image|Цвет|Белый|1|10|0|-|0.0000|+|0|+|0.00000000|data/colors/white.jpg"
12247;"Трусики стринги с кружевом Kinga 251 Monaco";1;select|Размер|S(36)|1|10|0|-|0.0000|+|0|+|0.00000000|no_image.jpg
12248;"Комплект: бюстгальтер пуш-ап и трусики стринги-шорты Kris Line Beatriz";1;"image|Цвет|Шампань|1|10|0|-|0.0000|+|0|+|0.00000000|data/colors/shampan.jpg
select|Размер|75B|1|10|0|-|0.0000|+|0|+|0.00000000|no_image.jpg
select|Размер|M(38)|1|0|1|+|0.0000|+|0|+|0.00000000|no_image.jpg"
12249;"Атласные трусики стринги-шорты Kris Line Beatriz";1;"image|Цвет|Шампань|1|10|0|-|0.0000|+|0|+|0.00000000|data/colors/shampan.jpg
select|Размер|M(38)|1|10|0|-|0.0000|+|0|+|0.00000000|no_image.jpg"
12250;"Атласный бюстгальтер пуш-ап Kris Line Belinda black";1;"image|Цвет|Черный|1|10|0|-|0.0000|+|0|+|0.00000000|data/colors/black.jpg
select|Размер|70C|1|10|0|-|0.0000|+|0|+|0.00000000|no_image.jpg"
12251;"Женские классические колготки Marilyn Bikini 20";1;"image|Цвет|Черный|1|10|1|+|0.0000|+|0|+|0.00000000|data/colors/black.jpg
image|Цвет|GRIGIO|1|10|0|-|0.0000|+|0|+|0.00000000|data/colors/grigio_marilyn.jpg
select|Размер|4|1|10|1|+|0.0000|+|0|+|0.00000000|no_image.jpg
select|Размер|3|1|10|0|-|0.0000|+|0|+|0.00000000|no_image.jpg"
12252;"Женские плотные матовые чулки с кружевной коронкой Marilyn Chanel 100";1;"image|Цвет|Черный|1|10|0|-|0.0000|+|0|+|0.00000000|data/colors/black.jpg
select|Размер|3/4|1|10|1|+|0.0000|+|0|+|0.00000000|no_image.jpg
select|Размер|1/2|1|10|0|+|0.0000|+|0|+|0.00000000|no_image.jpg"
12253;"Женские колготы с кружевным поясом Marilyn Erotic Vita Bassa 30den";1;"select|Размер|4|1|10|0|-|0.0000|+|0|+|0.00000000|no_image.jpg
image|Цвет|Черный|1|10|0|-|0.0000|+|0|+|0.00000000|data/colors/black.jpg"
12254;"Хлопковые женские трусики с утяжкой Mitex Iza";1;"image|Цвет|Бежевый|1|10|0|+|0.0000|+|0|+|0.00000000|data/colors/beige.jpg
select|Размер|L(40)|1|10|1|+|0.0000|+|0|+|0.00000000|no_image.jpg"
12256;"Кружевной бюстгальтер пуш-ап Kinga 321 Code I";1;select|Размер|75B|1|10|0|+|0.0000|+|0|+|0.00000000|no_image.jpg
12257;"Женская ночная сорочка с кружевом Eldar Betsy";1;"image|Цвет|Черный-бежевый|1|10|0|+|0.0000|+|0|+|0.00000000|data/colors/black-biege2.jpg
image|Цвет|Черный|1|10|0|+|0.0000|+|0|+|0.00000000|data/colors/black.jpg
select|Размер|S(36)|1|10|0|+|0.0000|+|0|+|0.00000000|no_image.jpg"
12258;"Женская кружевная блузка с коротким рукавом Eldar Paola";1;"image|Цвет|Черный|1|10|0|+|0.0000|+|0|+|0.00000000|data/colors/black.jpg
select|Размер|L(40)|1|10|1|+|0.0000|+|0|+|0.00000000|no_image.jpg
select|Размер|S(36)|1|10|1|+|0.0000|+|0|+|0.00000000|no_image.jpg
select|Размер|M(38)|1|10|1|+|0.0000|+|0|+|0.00000000|no_image.jpg"
12259;"Роскошный теплый хлопковый халат ""тюльпан"" Shato 617";1;"image|Цвет|Аквамарин|1|10|0|+|0.0000|+|0|+|0.00000000|data/colors/aque.jpg
select|Размер|L(40)|1|10|0|+|0.0000|+|0|+|0.00000000|no_image.jpg
select|Размер|XXL(44)|1|10|0|+|0.0000|+|0|+|0.00000000|no_image.jpg
select|Размер|XL(42)|1|10|0|+|0.0000|+|0|+|0.00000000|no_image.jpg"
12260;"Хлопковые женские трусики бикини слип Key LPR 097 B5 (2шт)";1;"select|Размер|L(40)|1|10|0|+|0.0000|+|0|+|0.00000000|no_image.jpg
select|Размер|S(36)|1|10|0|+|0.0000|+|0|+|0.00000000|no_image.jpg"
12261;"Хлопковые женские трусики бикини слип Key LPR 535 B5 (2шт)";1;select|Размер|L(40)|1|10|0|+|0.0000|+|0|+|0.00000000|no_image.jpg
12262;"Хлопковые женские трусики бикини слип Key LPR 575 B5 (2шт)";1;"select|Размер|L(40)|1|10|1|+|0.0000|+|0|+|0.00000000|no_image.jpg
select|Размер|S(36)|1|10|0|+|0.0000|+|0|+|0.00000000|no_image.jpg"
12263;"Хлопковые женские трусики бикини слип Key LPR 585 B5 (2шт)";1;select|Размер|S(36)|1|10|0|+|0.0000|+|0|+|0.00000000|no_image.jpg
12264;"Хлопковые женские трусики бикини слип Key LPR 909 B5 (2шт)";1;select|Размер|L(40)|1|10|0|+|0.0000|+|0|+|0.00000000|no_image.jpg
12265;"Хлопковые женские трусики слип Key LPC 010 (2шт в одном цвете)";1;"image|Цвет|Черный|1|10|0|+|0.0000|+|0|+|0.00000000|data/colors/black.jpg
select|Размер|M(38)|1|10|0|+|0.0000|+|0|+|0.00000000|no_image.jpg"
12266;"Женский плюшевый халат с капюшоном Envie IRIS banana";1;select|Размер|S/M|1|10|1|+|0.0000|+|0|+|0.00000000|no_image.jpg
12267;"Мужской плюшевый халат Envie ARKAS brown";1;select|Размер|XL/XXL|1|10|1|+|0.0000|+|0|+|0.00000000|no_image.jpg
12268;"Женская хлопковая пижама Envie POLO ROSES";1;"select|Размер|S(36)|1|10|0|+|0.0000|+|0|+|0.00000000|no_image.jpg
select|Размер|M(38)|1|10|1|+|0.0000|+|0|+|0.00000000|no_image.jpg"
12269;"Женская хлопковая пижама Envie ROSES";1;select|Размер|S(36)|1|10|0|+|0.0000|+|0|+|0.00000000|no_image.jpg
12271;"Женская кружевная блузка с рукавом 3/4 Eldar Roxana";1;"select|Размер|M(38)|1|10|1|+|0.0000|+|0|+|0.00000000|no_image.jpg
image|Цвет|Черный|1|10|0|+|0.0000|+|0|+|0.00000000|data/colors/black.jpg"
12272;"Женская хлопковая пижама/домашний комплект Envie DJ PILLOW";1;select|Размер|M(38)|1|10|0|+|0.0000|+|0|+|0.00000000|no_image.jpg
12273;"Мужская хлопковая пижама/домашний комплект Envie ACTION grey";1;select|Размер|M(48)|1|10|1|+|0.0000|+|0|+|0.00000000|no_image.jpg
12274;"Мужская хлопковая пижама/домашний комплект Envie ENDU blue";1;select|Размер|L(50)|1|10|1|+|0.0000|+|0|+|0.00000000|no_image.jpg
12275;"Мужская хлопковая пижама/домашний комплект Envie SPORTING";1;select|Размер|M(48)|1|10|0|+|0.0000|+|0|+|0.00000000|no_image.jpg
12277;"Атласная ночная сорочка с кружевным лифом Corin Eva 53851";1;"image|Цвет|Темно-красный|1|10|0|-|0.0000|+|0|+|0.00000000|data/colors/temno-krasnyj.jpg
select|Размер|S(36)|1|10|0|-|0.0000|+|0|+|0.00000000|no_image.jpg"
12278;"Бесшовные трусики бикини Eldar Selena";1;"select|Размер|L(40)|1|10|0|-|0.0000|+|0|+|0.00000000|no_image.jpg
image|Цвет|Черный|1|10|0|-|0.0000|+|0|+|0.00000000|data/colors/black.jpg"
12280;"Атласный женский боди с уплотнёнными чашками Alles Zaffiro";1;"select|Размер|90C|1|10|0|-|0.0000|+|0|+|0.00000000|no_image.jpg
image|Цвет|Черный|1|10|0|-|0.0000|+|0|+|0.00000000|data/colors/black.jpg"
12281;"Бюстгальтер балконет пуш-ап со съёмными бретелями Ava 740 Intimo";1;"image|Цвет|Черный|1|1|0|-|0.0000|+|0|+|0.00000000|data/colors/black.jpg
image|Цвет|Белый|1|2|0|-|0.0000|+|0|+|0.00000000|data/colors/white.jpg
select|Размер|80C|1|2|0|-|0.0000|+|0|+|0.00000000|no_image.jpg
select|Размер|75D|1|1|0|-|0.0000|+|0|+|0.00000000|no_image.jpg"
12282;"Бюстгальтер балконет пуш-ап со съёмными бретелями Corin Naomi 15829";1;select|Размер|85B|1|10|0|-|0.0000|+|0|+|0.00000000|no_image.jpg
12283;"Бюстгальтер уплотнённый балконет Gaia 48 Hortensja";1;"image|Цвет|Белый|1|10|0|-|0.0000|+|0|+|0.00000000|data/colors/white.jpg
select|Размер|80B|1|10|0|-|0.0000|+|0|+|0.00000000|no_image.jpg"
12284;"Кружевной бюстгальтер балконет пуш-ап Alles Calais";1;"image|Цвет|Шампанский|1|10|0|-|0.0000|+|0|+|0.00000000|data/colors/shampanskij.jpg
select|Размер|85C|1|10|0|-|0.0000|+|0|+|0.00000000|no_image.jpg
select|Размер|75F|1|10|0|-|0.0000|+|0|+|0.00000000|no_image.jpg
select|Размер|70D|1|10|1|+|0.0000|+|0|+|0.00000000|no_image.jpg
select|Размер|70B|1|10|0|-|0.0000|+|0|+|0.00000000|no_image.jpg"
12285;"Бюстгальтер мягкий кружевной без каркасов Milavitsa 11780";1;"select|Размер|80A|1|0|0|-|0.0000|+|0|+|0.00000000|no_image.jpg
select|Размер|70B|1|0|0|-|0.0000|+|0|+|0.00000000|no_image.jpg
select|Размер|70A|1|0|0|-|0.0000|+|0|+|0.00000000|no_image.jpg
image|Цвет|Черный|1|0|0|+|0.0000|+|0|+|0.00000000|data/colors/black.jpg"
12286;"Мягкий хлопковый бюстгальтер (без каркасов) для кормления Alles II/B";1;"select|Размер|85C|1|10|0|-|0.0000|+|0|+|0.00000000|no_image.jpg
image|Цвет|Черный|1|10|0|-|0.0000|+|0|+|0.00000000|data/colors/black.jpg"
12287;"Бюстгальтер для девочки KEY TBC 601 B4 pink";1;select|Размер|70BB|1|10|0|+|0.0000|+|0|+|0.00000000|no_image.jpg
12288;"Бюстгальтер для девочки Key TBC 601 B4 violet";1;"select|Размер|75AA|1|10|0|+|0.0000|+|0|+|0.00000000|no_image.jpg
select|Размер|70BB|1|10|0|+|0.0000|+|0|+|0.00000000|no_image.jpg
select|Размер|70AA|1|10|0|+|0.0000|+|0|+|0.00000000|no_image.jpg"
12289;"Бюстгальтер-топ для девочки Key TBS 540 A4";1;"image|Цвет|Розовый|1|10|0|+|0.0000|+|0|+|0.00000000|data/colors/rozovyj.jpg
image|Цвет|Белый|1|10|0|+|0.0000|+|0|+|0.00000000|data/colors/white.jpg
select|Размер|75AA|1|10|0|+|0.0000|+|0|+|0.00000000|no_image.jpg
select|Размер|70BB|1|10|0|+|0.0000|+|0|+|0.00000000|no_image.jpg"
12291;"Мягкий хлопковый бюстгальтер балконет для кормления Lupo 1324";1;select|Размер|80C|1|10|0|-|0.0000|+|0|+|0.00000000|no_image.jpg
12292;"Бюстгальтер мягкий для кормления Lupo 1334, вискоза ";1;select|Размер|85B|1|10|0|-|0.0000|+|0|+|0.00000000|no_image.jpg
12293;"Мягкий бюстгальтер балконет для кормления Lupo 1381 white";1;select|Размер|85D|1|10|0|-|0.0000|+|0|+|0.00000000|no_image.jpg
12294;"Бюстгальтер мягкий для кормления Alles Cubana";1;"image|Цвет|Черный|1|10|0|-|0.0000|+|0|+|0.00000000|data/colors/black.jpg
select|Размер|85D|1|10|0|-|0.0000|+|0|+|0.00000000|no_image.jpg"
12295;"Мягкий хлопковый бюстгальтер для кормления Alles Mama Fruit";1;select|Размер|85C|1|10|0|-|0.0000|+|0|+|0.00000000|no_image.jpg
12296;"Мягкий хлопковый бюстгальтер без каркасов для кормления Milavitsa 11912";1;"image|Цвет|Белый|1|10|0|-|0.0000|+|0|+|0.00000000|data/colors/white.jpg
select|Размер|80C|1|10|0|-|0.0000|+|0|+|0.00000000|no_image.jpg"
12298;"Бюстгальтер полумягкий кружевной  Alles Vienna 02";1;select|Размер|75F|1|10|0|-|0.0000|+|0|+|0.00000000|no_image.jpg
12300;"Бюстгальтер мягкий кружевной Corin Florence 11827";1;select|Размер|90D|1|10|0|-|0.0000|+|0|+|0.00000000|no_image.jpg
12301;"Бюстгальтер полумягкий кружевной Corin Florence 12827";1;"select|Размер|90E|1|10|0|-|0.0000|+|0|+|0.00000000|no_image.jpg
select|Размер|85F|1|10|0|-|0.0000|+|0|+|0.00000000|no_image.jpg
select|Размер|75F|1|10|0|-|0.0000|+|0|+|0.00000000|no_image.jpg"
12302;"Бюстгальтер полумягкий кружевной Corin Karen 12845";1;"select|Размер|85G|1|10|0|-|0.0000|+|0|+|0.00000000|no_image.jpg
select|Размер|80G|1|10|0|-|0.0000|+|0|+|0.00000000|no_image.jpg
select|Размер|75G|1|10|0|-|0.0000|+|0|+|0.00000000|no_image.jpg
select|Размер|75F|1|10|1|+|0.0000|+|0|+|0.00000000|no_image.jpg"
12303;"Бюстгальтер полумягкий с кружевом Corin Rosalie 12826";1;select|Размер|85F|1|10|0|-|0.0000|+|0|+|0.00000000|no_image.jpg
12304;"Бюстгальтер полумягкий с кружевом Gaja 218 Paris pink";1;select|Размер|95C|1|10|0|-|0.0000|+|0|+|0.00000000|no_image.jpg
12305;"Бюстгальтер атласный полумягкий кружевной Kinga SV 274 Cannes";1;select|Размер|85D|1|10|0|+|0.0000|+|0|+|0.00000000|no_image.jpg
12306;"Бюстгальтер полумягкий кружевной Konrad Viki";1;select|Размер|80F|1|10|0|-|0.0000|+|0|+|0.00000000|no_image.jpg
12307;"Бюстгальтер полумягкий кружевной Kris Line Victoria";1;select|Размер|85G|1|10|0|-|0.0000|+|0|+|0.00000000|no_image.jpg
12308;"Бюстгальтер полумягкий Milavitsa 11746";1;"select|Размер|80D|1|10|0|-|0.0000|+|0|+|0.00000000|no_image.jpg
image|Цвет|Белый|1|10|0|-|0.0000|+|0|+|0.00000000|data/colors/white.jpg"
12309;"Бюстгальтер мягкий хлопковый без каркасов для кормления Lupo 1344";1;"image|Цвет|Розовый 2|1|10|0|-|0.0000|+|0|+|0.00000000|data/colors/magenta.jpg
select|Размер|80C|1|10|0|-|0.0000|+|0|+|0.00000000|no_image.jpg"
12313;"Бюстгальтер мягкий кружевной Corin Rosalie pink 11826";1;"select|Размер|85F|1|10|0|-|0.0000|+|0|+|0.00000000|no_image.jpg
select|Размер|85E|1|10|0|-|0.0000|+|0|+|0.00000000|no_image.jpg"
12314;"Бюстгальтер мягкий кружевной Kinga 326 Miracle";1;"select|Размер|80C|1|10|0|+|0.0000|+|0|+|0.00000000|no_image.jpg
select|Размер|75D|1|10|0|+|0.0000|+|0|+|0.00000000|no_image.jpg
select|Размер|75C|1|10|0|+|0.0000|+|0|+|0.00000000|no_image.jpg"
12316;"Мягкий кружевной бюстгальтер кораллового цвета Kris line Amanda";1;"select|Размер|95C|1|10|0|-|0.0000|+|0|+|0.00000000|no_image.jpg
select|Размер|90C|1|10|0|-|0.0000|+|0|+|0.00000000|no_image.jpg
select|Размер|85E|1|10|0|-|0.0000|+|0|+|0.00000000|no_image.jpg
select|Размер|85D|1|10|0|-|0.0000|+|0|+|0.00000000|no_image.jpg
select|Размер|85C|1|10|0|-|0.0000|+|0|+|0.00000000|no_image.jpg"
12317;"Бюстгальтер мягкий с кружевом Milavitsa 11747/747";1;"image|Цвет|Черный|1|1|0|-|0.0000|+|0|+|0.00000000|data/colors/black.jpg
image|Цвет|Белый|1|1|0|-|0.0000|+|0|+|0.00000000|data/colors/white.jpg
select|Размер|80F|1|1|0|-|0.0000|+|0|+|0.00000000|no_image.jpg
select|Размер|80D|1|1|0|-|0.0000|+|0|+|0.00000000|no_image.jpg"
12318;"Бюстгальтер мягкий кружевной Milavitsa 11748";1;"select|Размер|80C|1|10|1|+|0.0000|+|0|+|0.00000000|no_image.jpg
image|Цвет|Белый|1|10|1|+|0.0000|+|0|+|0.00000000|data/colors/white.jpg"
12320;"Кружевной бюстгальтер пуш-ап Alles Calais";1;"image|Цвет|Шампанский|1|10|0|-|0.0000|+|0|+|0.00000000|data/colors/shampanskij.jpg
select|Размер|70C|1|1|1|+|0.0000|+|0|+|0.00000000|no_image.jpg
select|Размер|70B|1|1|1|+|0.0000|+|0|+|0.00000000|no_image.jpg"
12321;"Бюстгальтер пуш-ап кружевной Alles Carla";1;select|Размер|70C|1|10|0|-|0.0000|+|0|+|0.00000000|no_image.jpg
12323;"Бюстгальтер пуш-ап с цветочным рисунком Alles Garden granat";1;select|Размер|75B|1|10|0|+|0.0000|+|0|+|0.00000000|no_image.jpg
12324;"Бюстгальтер пуш-ап Alles Infini";1;select|Размер|80B|1|10|0|-|0.0000|+|0|+|0.00000000|no_image.jpg
12325;"Бюстгальтер пуш-ап Alles Isabella";1;select|Размер|70C|1|10|0|-|0.0000|+|0|+|0.00000000|no_image.jpg
12326;"Бюстгальтер пуш-ап с сетчатым кружевом Alles Izis";1;"select|Размер|80B|1|10|0|-|0.0000|+|0|+|0.00000000|no_image.jpg
select|Размер|75C|1|10|0|-|0.0000|+|0|+|0.00000000|no_image.jpg"
12327;"Атласный бюстгальтер пуш-ап на шнуровке Alles Latino";1;"select|Размер|75C|1|10|1|+|0.0000|+|0|+|0.00000000|no_image.jpg
select|Размер|70B|1|10|0|+|0.0000|+|0|+|0.00000000|no_image.jpg
select|Размер|70A|1|10|0|+|0.0000|+|0|+|0.00000000|no_image.jpg
image|Цвет|Черный|1|10|1|+|0.0000|+|0|+|0.00000000|data/colors/black.jpg
image|Цвет|Белый|1|1|0|+|0.0000|+|0|+|0.00000000|data/colors/white.jpg"
12328;"Кружевной бюстгальтер пуш-ап нежно-розового цвета Alles Monserat";1;"select|Размер|70B|1|10|0|-|0.0000|+|0|+|0.00000000|no_image.jpg
image|Цвет|Светло-розовый|1|10|0|-|0.0000|+|0|+|0.00000000|data/colors/light_pink.jpg"
12329;"Бюстгальтер пуш-ап с цветочным рисунком Alles Obsession";1;select|Размер|70C|1|10|0|-|0.0000|+|0|+|0.00000000|no_image.jpg
12332;"Кружевной бюстгальтер пуш-ап Ava 1305 Virginia";1;select|Размер|70C|1|10|0|-|0.0000|+|0|+|0.00000000|no_image.jpg
12333;"Кружевной бюстгальтер пуш-ап Corin Bella 14860 black";1;"image|Цвет|Черный|1|10|0|-|0.0000|+|0|+|0.00000000|data/colors/black.jpg
select|Размер|75B|1|10|0|-|0.0000|+|0|+|0.00000000|no_image.jpg"
12334;"Кружевной бюстгальтер пуш-ап Corin Jenny 14862 red";1;"image|Цвет|Красный|1|10|0|-|0.0000|+|0|+|0.00000000|data/colors/red.jpg
select|Размер|75C|1|10|0|-|0.0000|+|0|+|0.00000000|no_image.jpg
select|Размер|70C|1|10|0|-|0.0000|+|0|+|0.00000000|no_image.jpg"
12335;"Кружевной бюстгальтер пуш-ап Kinga 142 Corona";1;"select|Размер|75B|1|10|0|-|0.0000|+|0|+|0.00000000|no_image.jpg
select|Размер|70C|1|10|0|-|0.0000|+|0|+|0.00000000|no_image.jpg"
12336;"Кружевной бюстгальтер пуш-ап Kinga 2372";1;"select|Размер|70A|1|10|0|-|0.0000|+|0|+|0.00000000|no_image.jpg
image|Цвет|Белый|1|10|0|-|0.0000|+|0|+|0.00000000|data/colors/white.jpg"
12337;"Бюстгальтер пуш-ап с кружевными бретелями Kinga 247 Malaga";1;select|Размер|70C|1|10|1|+|0.0000|+|0|+|0.00000000|no_image.jpg
12340;"Атласный бюстгальтер пуш-ап с кружевом Kinga 2496 Palace";1;select|Размер|75B|1|10|0|-|0.0000|+|0|+|0.00000000|no_image.jpg
12341;"Бюстгальтер пуш-ап с сетчатым кружевом Kinga 2500 End";1;"select|Размер|75C|1|10|0|-|0.0000|+|0|+|0.00000000|no_image.jpg
select|Размер|75B|1|10|0|-|0.0000|+|0|+|0.00000000|no_image.jpg"
12342;"Бюстгальтер пуш-ап с вышитым кружевом Kinga 2524 Vivienne";1;select|Размер|75C|1|10|0|-|0.0000|+|0|+|0.00000000|no_image.jpg
12343;"Атласный ""леопардовый"" бюстгальтер пуш-ап Kinga 272 Cannes";1;"select|Размер|85C|1|10|0|-|0.0000|+|0|+|0.00000000|no_image.jpg
select|Размер|85B|1|10|0|-|0.0000|+|0|+|0.00000000|no_image.jpg
select|Размер|75D|1|10|0|-|0.0000|+|0|+|0.00000000|no_image.jpg
select|Размер|75C|1|10|0|-|0.0000|+|0|+|0.00000000|no_image.jpg
select|Размер|75B|1|10|0|-|0.0000|+|0|+|0.00000000|no_image.jpg
select|Размер|75A|1|10|0|-|0.0000|+|0|+|0.00000000|no_image.jpg
select|Размер|70C|1|10|0|-|0.0000|+|0|+|0.00000000|no_image.jpg
select|Размер|70B|1|10|0|-|0.0000|+|0|+|0.00000000|no_image.jpg
select|Размер|70A|1|10|0|-|0.0000|+|0|+|0.00000000|no_image.jpg"
12344;"Чёрный бюстгальтер пуш-ап с кружевной спинкой Kinga Neon 2320";1;"select|Размер|75C|1|10|0|-|0.0000|+|0|+|0.00000000|no_image.jpg
select|Размер|75A|1|10|0|-|0.0000|+|0|+|0.00000000|no_image.jpg
select|Размер|70C|1|10|0|-|0.0000|+|0|+|0.00000000|no_image.jpg"
12345;"Бюстгальтер пуш-ап с кружевом Kinga Vogue 2312";1;select|Размер|80A|1|10|0|-|0.0000|+|0|+|0.00000000|no_image.jpg
12346;"Атласный бюстгальтер пуш-ап Kris line Valentina";1;"image|Цвет|Красный|1|10|0|-|0.0000|+|0|+|0.00000000|data/colors/red.jpg
select|Размер|75B|1|10|0|-|0.0000|+|0|+|0.00000000|no_image.jpg"
12347;"Бюстгальтер пуш-ап Milavitsa 11854";1;"image|Цвет|Черный|1|10|0|-|0.0000|+|0|+|0.00000000|data/colors/black.jpg
select|Размер|80B|1|10|0|-|0.0000|+|0|+|0.00000000|no_image.jpg"
12348;"Кружевной бюстгальтер пуш-ап балконет Kinga 236 Luxury";1;select|Размер|70B|1|10|0|-|0.0000|+|0|+|0.00000000|no_image.jpg
12350;"Атласный формованный бюстгальтер пуш-ап Kris line Diamond ekri";1;"image|Цвет|Экри|1|10|0|-|0.0000|+|0|+|0.00000000|data/colors/jekri.jpg
select|Размер|70C|1|10|0|-|0.0000|+|0|+|0.00000000|no_image.jpg
select|Размер|70B|1|10|0|-|0.0000|+|0|+|0.00000000|no_image.jpg"
12351;"Формованный бюстгальтер пуш-ап с кружевом Kris Line Shine";1;"image|Цвет|Экри|1|0|0|-|0.0000|+|0|+|0.00000000|data/colors/jekri.jpg
image|Цвет|Черный|1|0|0|+|0.0000|+|0|+|0.00000000|data/colors/black.jpg
select|Размер|85C|1|0|0|+|0.0000|+|0|+|0.00000000|no_image.jpg
select|Размер|80C|1|0|0|+|0.0000|+|0|+|0.00000000|no_image.jpg
select|Размер|80B|1|0|0|+|0.0000|+|0|+|0.00000000|no_image.jpg
select|Размер|80A|1|0|0|+|0.0000|+|0|+|0.00000000|no_image.jpg
select|Размер|75D|1|0|0|-|0.0000|+|0|+|0.00000000|no_image.jpg
select|Размер|75B|1|0|0|-|0.0000|+|0|+|0.00000000|no_image.jpg
select|Размер|75A|1|0|0|-|0.0000|+|0|+|0.00000000|no_image.jpg
select|Размер|70D|1|0|0|-|0.0000|+|0|+|0.00000000|no_image.jpg
select|Размер|70C|1|0|0|-|0.0000|+|0|+|0.00000000|no_image.jpg
select|Размер|70B|1|0|0|-|0.0000|+|0|+|0.00000000|no_image.jpg"
12352;"Женский топ для фитнеса Gatta sport top";1;"image|Цвет|Черный|1|10|1|+|0.0000|+|0|+|0.00000000|data/colors/black.jpg
image|Цвет|Телесный натуральный|1|10|1|+|0.0000|+|0|+|0.00000000|data/colors/telesnyj_naturalnyj.jpg
select|Размер|M(38)|1|10|1|+|0.0000|+|0|+|0.00000000|no_image.jpg"
12353;"Бюстгальтер пуш-ап с силиконовой спинкой Alles Padme, застёжка впереди";1;"image|Цвет|Белый|1|10|0|-|0.0000|+|0|+|0.00000000|data/colors/white.jpg
select|Размер|80C|1|10|0|-|0.0000|+|0|+|0.00000000|no_image.jpg
select|Размер|70C|1|10|0|-|0.0000|+|0|+|0.00000000|no_image.jpg"
12354;"Кружевной бюстгальтер пуш-ап Kinga 2384 Lila";1;"select|Размер|75A|1|10|0|-|0.0000|+|0|+|0.00000000|no_image.jpg
select|Размер|70A|1|10|0|-|0.0000|+|0|+|0.00000000|no_image.jpg
image|Цвет|Экри|1|10|0|-|0.0000|+|0|+|0.00000000|data/colors/jekri.jpg"
12355;"Кружевной бюстгальтер пуш-ап Ava 1156 Cambrai";1;"select|Размер|80B|1|10|0|-|0.0000|+|0|+|0.00000000|no_image.jpg
image|Цвет|Белый|1|10|0|-|0.0000|+|0|+|0.00000000|data/colors/white.jpg"
12357;"Кружевной уплотнённый бюстгальтер балконет Alles Candy Party";1;"select|Размер|70F|1|10|1|+|0.0000|+|0|+|0.00000000|no_image.jpg
select|Размер|70E|1|10|1|+|0.0000|+|0|+|0.00000000|no_image.jpg"
12359;"Бюстгальтер уплотнённый с цветочным рисунком Alles Chanty";1;select|Размер|70C|1|10|0|+|0.0000|+|0|+|0.00000000|no_image.jpg
12360;"Уплотнённый формованный бюстгальтер Alles Dubai";1;"select|Размер|80D|1|10|0|-|0.0000|+|0|+|0.00000000|no_image.jpg
select|Размер|70C|1|9|1|+|0.0000|+|0|+|0.00000000|no_image.jpg"
12362;"Бюстгальтер уплотнённый Alles Elena black";1;"image|Цвет|Черный|1|0|0||0.0000||0||0.00000000|data/colors/black.jpg
image|Цвет|Белый|1|0|0||0.0000||0||0.00000000|data/colors/white.jpg
select|Размер|75D|1|0|0|+|0.0000|+|0|+|0.00000000|no_image.jpg
select|Размер|75B|1|0|0|-|0.0000|+|0|+|0.00000000|no_image.jpg"
12363;"Бюстгальтер уплотнённый с цветочным рисунком Alles Garden granat";1;select|Размер|75B|1|10|0|+|0.0000|+|0|+|0.00000000|no_image.jpg
12364;"Бюстгальтер уплотнённый Alles Isabella";1;"select|Размер|75H|1|10|1|+|0.0000|+|0|+|0.00000000|no_image.jpg
select|Размер|75F|1|10|1|+|0.0000|+|0|+|0.00000000|no_image.jpg
select|Размер|75C|1|10|0|-|0.0000|+|0|+|0.00000000|no_image.jpg"
12365;"Бюстгальтер уплотнённый с сетчатым кружевом Alles Izis";1;select|Размер|90D|1|10|0|-|0.0000|+|0|+|0.00000000|no_image.jpg
12366;"Бюстгальтер уплотнённый с цветочным рисунком Alles Joy";1;"select|Размер|80F|1|10|0|-|0.0000|+|0|+|0.00000000|no_image.jpg
select|Размер|70D|1|10|0|-|0.0000|+|0|+|0.00000000|no_image.jpg"
12367;"Атласный уплотнённый бюстгальтер Alles Latino black";1;"select|Размер|70E|1|10|1|+|0.0000|+|0|+|0.00000000|no_image.jpg
image|Цвет|Черный|1|10|0|-|0.0000|+|0|+|0.00000000|data/colors/black.jpg"
12368;"Бюстгальтер уплотнённый для кормления Alles Mama Breeze";1;select|Размер|85C|1|10|0|-|0.0000|+|0|+|0.00000000|no_image.jpg
12369;"Уплотнённый бюстгальтер для кормления Alles Mama Kelly";1;"image|Цвет|Бежевый|1|10|0|-|0.0000|+|0|+|0.00000000|data/colors/beige.jpg
select|Размер|75D|1|10|0|-|0.0000|+|0|+|0.00000000|no_image.jpg"
12370;"Бюстгальтер уплотнённый с цветочным рисунком Alles Obsession";1;select|Размер|75F|1|10|0|-|0.0000|+|0|+|0.00000000|no_image.jpg
12371;"Бюстгальтер уплотнённый с кружевом Alles Vienna";1;select|Размер|70C|1|10|0|-|0.0000|+|0|+|0.00000000|no_image.jpg
12372;"Бюстгальтер уплотнённый Alles Vienna 01";1;"select|Размер|80B|1|10|0|-|0.0000|+|0|+|0.00000000|no_image.jpg
select|Размер|70F|1|10|1|+|0.0000|+|0|+|0.00000000|no_image.jpg
select|Размер|70C|1|9|1|+|0.0000|+|0|+|0.00000000|no_image.jpg"
12374;"Бюстгальтер уплотнённый балконет Alles Tony";1;"select|Размер|75F|1|10|0|-|0.0000|+|0|+|0.00000000|no_image.jpg
image|Цвет|Черный|1|10|0|-|0.0000|+|0|+|0.00000000|data/colors/black.jpg"
12375;"Бюстгальтер уплотнённый для кормления Alles Mama Coco";1;select|Размер|75B|1|10|0|-|0.0000|+|0|+|0.00000000|no_image.jpg
12376;"Бюстгальтер уплотнённый для кормления Lupo 1392";1;"select|Размер|85C|1|10|0|-|0.0000|+|0|+|0.00000000|no_image.jpg
select|Размер|85B|1|10|0|-|0.0000|+|0|+|0.00000000|no_image.jpg"
12377;"Женская ночная сорочка с тонким кружевом Shato 120";1;"select|Размер|S(36)|1|10|0|-|0.0000|+|0|+|0.00000000|no_image.jpg
select|Размер|M(38)|1|10|0|-|0.0000|+|0|+|0.00000000|no_image.jpg
image|Цвет|Фиолетовый|1|10|0|-|0.0000|+|0|+|0.00000000|data/colors/fioletovyj.jpg
image|Цвет|Бирюза|1|10|0|-|0.0000|+|0|+|0.00000000|data/colors/biruza.jpg"
12378;"Женская короткая пижама в горошек Shato 156, вискоза";1;"select|Размер|S(36)|1|10|0|-|0.0000|+|0|+|0.00000000|no_image.jpg
image|Цвет|Голубой 2|1|10|0|-|0.0000|+|0|+|0.00000000|data/colors/goluboj2.jpg"
12379;"Женская короткая пижама в горошек Shato 156, вискоза";1;"select|Размер|S(36)|1|10|0|-|0.0000|+|0|+|0.00000000|no_image.jpg
image|Цвет|Розовый|1|10|0|-|0.0000|+|0|+|0.00000000|data/colors/rozovyj.jpg"
12380;"Женская ночная сорочка/платье с рюшами Shato 068";1;"image|Цвет|Коралловый|1|10|0|-|0.0000|+|0|+|0.00000000|data/colors/coral.jpg
select|Размер|S(36)|1|10|0|-|0.0000|+|0|+|0.00000000|no_image.jpg"
12381;"Фантазийные гольфы для девочки Charmante Gelatto";1;"image|Цвет|Темно-синий 2|1|10|0|-|0.0000|+|0|+|0.00000000|data/colors/dark_blue1.jpg
select|Размер|L|1|10|0|-|0.0000|+|0|+|0.00000000|no_image.jpg"
12382;"Фантазийные гольфы для девочки Intreccio Savoyardi";1;"select|Размер|L|1|10|0|-|0.0000|+|0|+|0.00000000|no_image.jpg
select|Размер|S|1|10|0|-|0.0000|+|0|+|0.00000000|no_image.jpg
select|Размер|M|1|10|0|-|0.0000|+|0|+|0.00000000|no_image.jpg
image|Цвет|Розовый 2|1|10|0|-|0.0000|+|0|+|0.00000000|data/colors/magenta.jpg
image|Цвет|Белый|1|10|0|-|0.0000|+|0|+|0.00000000|data/colors/white.jpg"
12383;"Фантазийные гольфы для девочки Intreccio Semifreddo";1;"image|Цвет|Белый|1|10|0|-|0.0000|+|0|+|0.00000000|data/colors/white.jpg
select|Размер|L|1|10|0|-|0.0000|+|0|+|0.00000000|no_image.jpg
select|Размер|S|1|10|0|-|0.0000|+|0|+|0.00000000|no_image.jpg"
12384;"Фантазийные хлопковые колготки для девочки Charmante AKRP 101204";1;"image|Цвет|Коричневый|1|10|0|-|0.0000|+|0|+|0.00000000|data/colors/korichnevyj.jpg
select|Размер|116-122|1|10|0|-|0.0000|+|0|+|0.00000000|no_image.jpg"
12385;"Женская ночная сорочка с кружевом Shato 055";1;"image|Цвет|Сливовый|1|10|0|-|0.0000|+|0|+|0.00000000|data/colors/slivovyj.jpg
select|Размер|L(40)|1|10|0|-|0.0000|+|0|+|0.00000000|no_image.jpg"
12387;"Женские хлопковые леггинсы Intreccio Enigma";1;"select|Размер|S/M|1|10|0|-|0.0000|+|0|+|0.00000000|no_image.jpg
image|Цвет|Темно-серый|1|10|0|-|0.0000|+|0|+|0.00000000|data/colors/temnoseriy1.jpg"
12389;"Женские хлопковые колготы Mona Nesna 09";1;"select|Размер|3|1|10|0|-|0.0000|+|0|+|0.00000000|no_image.jpg
image|Цвет|Серый|1|10|0|-|0.0000|+|0|+|0.00000000|data/colors/seryj.jpg"
12390;"Капри женские Gatta Capri 40";1;"select|Размер|3|1|10|0|-|0.0000|+|0|+|0.00000000|no_image.jpg
select|Размер|2|1|10|0|-|0.0000|+|0|+|0.00000000|no_image.jpg
image|Цвет|Черный|1|10|0|-|0.0000|+|0|+|0.00000000|data/colors/black.jpg"
12391;"Капри женские Gatta Riyo 60";1;"image|Цвет|Черный-серебро|1|10|0|-|0.0000|+|0|+|0.00000000|data/colors/night_silver.jpg
select|Размер|3|1|10|0|-|0.0000|+|0|+|0.00000000|no_image.jpg"
12392;"Трусики бикини слип с кружевом Kinga 2500 End";1;select|Размер|M(38)|1|10|0|-|0.0000|+|0|+|0.00000000|no_image.jpg
12393;"Женские фантазийные колготы Charmante Daevis 20 den";1;"image|Цвет|GRIGIO|1|10|0|-|0.0000|+|0|+|0.00000000|data/colors/grigio_marilyn.jpg
select|Размер|S/M|1|10|1|+|0.0000|+|0|+|0.00000000|no_image.jpg
select|Размер|L/XL|1|10|0|-|0.0000|+|0|+|0.00000000|no_image.jpg"
12394;"Фантазийные женские колготки Intreccio Garigliano 20";1;"image|Цвет|Черный|1|0|0|-|0.0000|+|0|+|0.00000000|data/colors/black.jpg
image|Цвет|Горький шоколад|1|0|0|-|0.0000|+|0|+|0.00000000|data/colors/gorkij_shokolad.jpg
image|Цвет|Антрацит|1|0|0|-|0.0000|+|0|+|0.00000000|data/colors/antracit.jpg
select|Размер|1/2|1|0|0|-|0.0000|+|0|+|0.00000000|no_image.jpg"
12395;"Фантазийные женские колготки Intreccio Ivy 20";1;"image|Цвет|Черный|1|10|0|-|0.0000|+|0|+|0.00000000|data/colors/black.jpg
select|Размер|3|1|10|0|-|0.0000|+|0|+|0.00000000|no_image.jpg"
12396;"Фантазийные женские колготки Intreccio Nastra 20";1;"image|Цвет|Черный|1|10|0|-|0.0000|+|0|+|0.00000000|data/colors/black.jpg
select|Размер|4|1|10|0|-|0.0000|+|0|+|0.00000000|no_image.jpg
select|Размер|3|1|10|0|-|0.0000|+|0|+|0.00000000|no_image.jpg
select|Размер|1/2|1|10|0|-|0.0000|+|0|+|0.00000000|no_image.jpg"
12397;"Женские фантазийные колготки Intreccio Ramoscello 20";1;"image|Цвет|Черный|1|10|0|-|0.0000|+|0|+|0.00000000|data/colors/black.jpg
select|Размер|1/2|1|10|0|-|0.0000|+|0|+|0.00000000|no_image.jpg"
12398;"Женские фантазийные колготки Intreccio Savuti 40";1;"image|Цвет|Антрацит|1|10|0|-|0.0000|+|0|+|0.00000000|data/colors/antracit.jpg
select|Размер|1/2|1|10|0|-|0.0000|+|0|+|0.00000000|no_image.jpg"
12399;"Фантазийные женские колготки Intreccio Sieve 40";1;"image|Цвет|Антрацит|1|10|0|-|0.0000|+|0|+|0.00000000|data/colors/antracit.jpg
select|Размер|1/2|1|10|0|-|0.0000|+|0|+|0.00000000|no_image.jpg"
12400;"Свадебные колготки в мелкую сетку Charmante Love";1;"select|Размер|4|1|10|0|-|0.0000|+|0|+|0.00000000|no_image.jpg
image|Цвет|Белый|1|10|0|-|0.0000|+|0|+|0.00000000|data/colors/white.jpg"
12401;"Фантазийные свадебные колготки Charmante Neorin 20";1;"select|Размер|S/M|1|10|0|-|0.0000|+|0|+|0.00000000|no_image.jpg
image|Цвет|Слоновая кость|1|10|0|-|0.0000|+|0|+|0.00000000|data/colors/slonovaja_kost.jpg
image|Цвет|Белый|1|10|0|-|0.0000|+|0|+|0.00000000|data/colors/white.jpg"
12402;"Женские фантазийные колготы Charmante Pontia 20 den";1;"image|Цвет|Горький шоколад|1|10|0|-|0.0000|+|0|+|0.00000000|data/colors/gorkij_shokolad.jpg
select|Размер|L/XL|1|10|0|-|0.0000|+|0|+|0.00000000|no_image.jpg"
12403;"Фантазийные женские колготки Charmante Sempera 20";1;"select|Размер|L/XL|1|10|0|-|0.0000|+|0|+|0.00000000|no_image.jpg
image|Цвет|Черный|1|10|0|-|0.0000|+|0|+|0.00000000|data/colors/black.jpg"
12404;"Колготки детские для танцев Arina Ballerina Piruetta 60  116-122";1;"image|Цвет|Телесный натуральный|1|0|0|-|0.0000|+|0|+|0.00000000|data/colors/telesnyj_naturalnyj.jpg
select|Размер|116-122|1|0|0|-|0.0000|+|0|+|0.00000000|no_image.jpg"
12405;"Теплые фантазийные колготки из микрофибры Intreccio Cipresso 80";0;"image|Цвет|Черный|1|10|0|-|0.0000|+|0|+|0.00000000|data/colors/black.jpg
image|Цвет|Антрацит|1|10|0|-|0.0000|+|0|+|0.00000000|data/colors/antracit.jpg
select|Размер|3|1|10|0|-|0.0000|+|0|+|0.00000000|no_image.jpg"
12406;"Теплые фантазийные колготки из микрофибры Intreccio Mirta 80";1;"image|Цвет|Антрацит|1|10|0|-|0.0000|+|0|+|0.00000000|data/colors/antracit.jpg
select|Размер|1/2|1|10|0|-|0.0000|+|0|+|0.00000000|no_image.jpg"
12407;"Теплые фантазийные колготки из микрофибры Intreccio Tapioca 80";1;"image|Цвет|Темно-серый|1|10|0|-|0.0000|+|0|+|0.00000000|data/colors/temnoseriy1.jpg
image|Цвет|Коричневый|1|10|0|-|0.0000|+|0|+|0.00000000|data/colors/korichnevyj.jpg
select|Размер|1/2|1|10|0|-|0.0000|+|0|+|0.00000000|no_image.jpg"
12409;"Фантазийные женские колготки с шерстью Charmante Rombo Prada";1;"image|Цвет|Темно-серый|1|10|0|-|0.0000|+|0|+|0.00000000|data/colors/temnoseriy1.jpg
select|Размер|1/2|1|10|0|-|0.0000|+|0|+|0.00000000|no_image.jpg"
12410;"Фантазийные свадебные колготки Charmante SP Sandby 20";1;"select|Размер|S/M|1|10|0|-|0.0000|+|0|+|0.00000000|no_image.jpg
image|Цвет|Белый|1|10|0|-|0.0000|+|0|+|0.00000000|data/colors/white.jpg"
12411;"Теплые женские колготки из микрофибры Intreccio Dolce 150";1;"select|Размер|4|1|10|0|-|0.0000|+|0|+|0.00000000|no_image.jpg
image|Цвет|Черный|1|10|0|-|0.0000|+|0|+|0.00000000|data/colors/black.jpg"
12412;"Плотные женские колготки из микрофибры Intreccio Fata 150";1;"select|Размер|5(XL)|1|10|0|-|0.0000|+|0|+|0.00000000|no_image.jpg
image|Цвет|Черный|1|10|0|-|0.0000|+|0|+|0.00000000|data/colors/black.jpg"
12413;"Теплые женские колготки из микрофибры Intreccio Inverno comfort 150";1;"image|Цвет|Черный|1|10|0|-|0.0000|+|0|+|0.00000000|data/colors/black.jpg
select|Размер|1/2|1|10|0|-|0.0000|+|0|+|0.00000000|no_image.jpg"
12414;"Фантазийные женские колготки Gatta Girl-Up 12";1;"image|Цвет|Черный|1|10|0|-|0.0000|+|0|+|0.00000000|data/colors/black.jpg
select|Размер|4|1|10|0|-|0.0000|+|0|+|0.00000000|no_image.jpg"
12415;"Колготы женские Marilyn Rubens 40den";1;"select|Размер|4|1|10|0|-|0.0000|+|0|+|0.00000000|no_image.jpg
image|Цвет|Черный|1|10|0|-|0.0000|+|0|+|0.00000000|data/colors/black.jpg"
12416;"Колготы женские Marilyn Style 40";1;"image|Цвет|Черный|1|10|0|-|0.0000|+|0|+|0.00000000|data/colors/black.jpg
select|Размер|4|1|10|0|-|0.0000|+|0|+|0.00000000|no_image.jpg
select|Размер|3|1|10|0|-|0.0000|+|0|+|0.00000000|no_image.jpg"
12417;"Колготы женские Marilyn Super 20";1;"image|Цвет|Черный|1|10|0|-|0.0000|+|0|+|0.00000000|data/colors/black.jpg
image|Цвет|VISONE|1|10|0|-|0.0000|+|0|+|0.00000000|data/colors/visone_marilyn.jpg
image|Цвет|ANTRACIT|1|10|0|-|0.0000|+|0|+|0.00000000|data/colors/antracit_marilyn.jpg
select|Размер|3|1|10|0|-|0.0000|+|0|+|0.00000000|no_image.jpg"
12418;"Фантазийные хлопковые женские колготки Mona Averoj 03 100";1;"image|Цвет|Кремовый|1|0|0|-|0.0000|+|0|+|0.00000000|data/colors/kremovyj.jpg
image|Цвет|GRIGIO|1|0|0|+|0.0000|+|0|+|0.00000000|data/colors/grigio_marilyn.jpg
select|Размер|4|1|0|0|+|0.0000|+|0|+|0.00000000|no_image.jpg
select|Размер|2|1|0|0|-|0.0000|+|0|+|0.00000000|no_image.jpg"
12419;"Фантазийные хлопковые женские колготки Mona Averoj 08 100";1;"select|Размер|4|1|10|0|-|0.0000|+|0|+|0.00000000|no_image.jpg
select|Размер|3|1|10|0|-|0.0000|+|0|+|0.00000000|no_image.jpg
select|Размер|2|1|10|0|-|0.0000|+|0|+|0.00000000|no_image.jpg
image|Цвет|Черный|1|10|0|-|0.0000|+|0|+|0.00000000|data/colors/black.jpg
image|Цвет|Кремовый|1|10|0|+|0.0000|+|0|+|0.00000000|data/colors/kremovyj.jpg"
12420;"Колготы женские больш. размеры Adrian Kiara 20";1;"select|Размер|5|1|10|0|-|0.0000|+|0|+|0.00000000|no_image.jpg
image|Цвет|Черный|1|10|0|-|0.0000|+|0|+|0.00000000|data/colors/black.jpg"
12421;"Колготы женские больш. размеры Adrian Perla 40";1;"image|Цвет|Черный|1|10|0|-|0.0000|+|0|+|0.00000000|data/colors/black.jpg
select|Размер|6|1|10|0|-|0.0000|+|0|+|0.00000000|no_image.jpg
select|Размер|5|1|10|0|-|0.0000|+|0|+|0.00000000|no_image.jpg"
12422;"Комплект: бюстгальтер пуш-ап и трусики стринги Alles Calais";0;"image|Цвет|Шампанский|1|10|0|-|0.0000|+|0|+|0.00000000|data/colors/shampanskij.jpg
select|Размер|70C|1|10|0|-|0.0000|+|0|+|0.00000000|no_image.jpg
select|Размер|70B|1|10|0|-|0.0000|+|0|+|0.00000000|no_image.jpg
select|Размер|XL(42)|1|10|0|-|0.0000|+|0|+|0.00000000|no_image.jpg
select|Размер|S(36)|1|10|0|-|0.0000|+|0|+|0.00000000|no_image.jpg"
12423;"Комплект: бюстгальтер балконет пуш-ап и трусики стринги Alles Calais";0;"select|Размер|85C|1|10|0|-|0.0000|+|0|+|0.00000000|no_image.jpg
select|Размер|75F|1|10|0|-|0.0000|+|0|+|0.00000000|no_image.jpg
select|Размер|70D|1|10|1|+|0.0000|+|0|+|0.00000000|no_image.jpg
select|Размер|70B|1|10|0|-|0.0000|+|0|+|0.00000000|no_image.jpg
select|Размер|XL(42)|1|10|0|-|0.0000|+|0|+|0.00000000|no_image.jpg
select|Размер|S(36)|1|10|0|-|0.0000|+|0|+|0.00000000|no_image.jpg
image|Цвет|Шампанский|1|10|0|-|0.0000|+|0|+|0.00000000|data/colors/shampanskij.jpg"
12426;"Комплект Alles Elena full cup белый";0;"select|Размер|80D|1|10|0|-|0.0000|+|0|+|0.00000000|no_image.jpg
select|Размер|70C|1|10|0|-|0.0000|+|0|+|0.00000000|no_image.jpg
select|Размер|L(40)|1|10|0|+|0.0000|+|0|+|0.00000000|no_image.jpg
image|Цвет|Белый|1|10|0|-|0.0000|+|0|+|0.00000000|data/colors/white.jpg"
12428;"Комплект: уплотнённый бюстгальтер и трусики стринги Alles Isabella";1;"select|Размер|75H|1|10|0|-|0.0000|+|0|+|0.00000000|no_image.jpg
select|Размер|75F|1|10|0|-|0.0000|+|0|+|0.00000000|no_image.jpg
select|Размер|75C|1|10|0|-|0.0000|+|0|+|0.00000000|no_image.jpg
select|Размер|S(36)|1|1|1|+|0.0000|+|0|+|0.00000000|no_image.jpg"
12429;"Комплект: бюстгальтер пуш-ап и трусики стринги Alles Isabella";0;"select|Размер|70C|1|10|0|-|0.0000|+|0|+|0.00000000|no_image.jpg
select|Размер|S(36)|1|10|0|-|0.0000|+|0|+|0.00000000|no_image.jpg"
12431;"Комплект: уплотнённый бюстгальтер и трусики стринги Alles Obsession";0;"select|Размер|75F|1|1|1|+|0.0000|+|0|+|0.00000000|no_image.jpg
select|Размер|XL(42)|1|10|1|+|0.0000|+|0|+|0.00000000|no_image.jpg"
12432;"Комплект: бюстгальтер пуш-ап и трусики стринги Alles Obsession";0;"select|Размер|70C|1|10|0|-|0.0000|+|0|+|0.00000000|no_image.jpg
select|Размер|S(36)|1|10|0|-|0.0000|+|0|+|0.00000000|no_image.jpg
select|Размер|M(38)|1|10|0|-|0.0000|+|0|+|0.00000000|no_image.jpg"
12433;"Комплект: уплотнённый бюстгальтер и трусики слип Alles Vienna 01";0;"select|Размер|80B|1|10|0|-|0.0000|+|0|+|0.00000000|no_image.jpg
select|Размер|70F|1|10|1|+|0.0000|+|0|+|0.00000000|no_image.jpg
select|Размер|70C|1|10|1|+|0.0000|+|0|+|0.00000000|no_image.jpg
select|Размер|L(40)|1|10|0|-|0.0000|+|0|+|0.00000000|no_image.jpg
select|Размер|M(38)|1|10|0|-|0.0000|+|0|+|0.00000000|no_image.jpg"
12434;"Комплект: уплотнённый бюстгальтер и трусики слип Alles Vienna";0;"select|Размер|70C|1|10|0|-|0.0000|+|0|+|0.00000000|no_image.jpg
select|Размер|M(38)|1|10|0|-|0.0000|+|0|+|0.00000000|no_image.jpg"
12436;"Комплект: бюстгальтер пуш-ап и трусики стринги Ava 1305 Virginia";0;"select|Размер|70C|1|10|0|-|0.0000|+|0|+|0.00000000|no_image.jpg
select|Размер|S(36)|1|10|0|-|0.0000|+|0|+|0.00000000|no_image.jpg"
12437;"Комплект: бюстгальтер пуш-ап и трусики стринги Corin Bella 14860 black";1;"select|Размер|75B|1|1|1|+|0.0000|+|0|+|0.00000000|no_image.jpg
select|Размер|M(38)|1|10|0|-|0.0000|+|0|+|0.00000000|no_image.jpg
image|Цвет|Черный|1|10|0|-|0.0000|+|0|+|0.00000000|data/colors/black.jpg"
12438;"Комплект кружевной: бюстгальтер пуш-ап и трусики стринги Corin Jenny 14862";1;"select|Размер|75C|1|10|0|-|0.0000|+|0|+|0.00000000|no_image.jpg
select|Размер|70C|1|10|0|-|0.0000|+|0|+|0.00000000|no_image.jpg
select|Размер|L(40)|1|1|1|+|0.0000|+|0|+|0.00000000|no_image.jpg
select|Размер|M(38)|1|1|1|+|0.0000|+|0|+|0.00000000|no_image.jpg
image|Цвет|Красный|1|10|0|-|0.0000|+|0|+|0.00000000|data/colors/red.jpg"
12439;"Комплект кружевной: бюстгальтер пуш-ап и трусики стринги Kinga 142 Corona";1;"select|Размер|75B|1|1|1|+|0.0000|+|0|+|0.00000000|no_image.jpg
select|Размер|70C|1|1|1|+|0.0000|+|0|+|0.00000000|no_image.jpg
select|Размер|L(40)|1|10|0|-|0.0000|+|0|+|0.00000000|no_image.jpg
select|Размер|S(36)|1|10|0|-|0.0000|+|0|+|0.00000000|no_image.jpg
select|Размер|M(38)|1|10|0|-|0.0000|+|0|+|0.00000000|no_image.jpg"
12440;"Комплект: бюстгальтер пуш-ап и трусики стринги Kinga 2320 Neon";1;"select|Размер|75C|1|10|0|-|0.0000|+|0|+|0.00000000|no_image.jpg
select|Размер|75A|1|10|0|-|0.0000|+|0|+|0.00000000|no_image.jpg
select|Размер|70C|1|10|0|-|0.0000|+|0|+|0.00000000|no_image.jpg
select|Размер|L(40)|1|1|1|+|0.0000|+|0|+|0.00000000|no_image.jpg
select|Размер|M(38)|1|1|1|+|0.0000|+|0|+|0.00000000|no_image.jpg"
12441;"Комплект кружевной: бюстгальтер пуш-ап балконет и трусики стринги Kinga 236 Luxury";1;"select|Размер|70B|1|1|1|+|0.0000|+|0|+|0.00000000|no_image.jpg
select|Размер|S(36)|1|10|0|-|0.0000|+|0|+|0.00000000|no_image.jpg
select|Размер|M(38)|1|10|0|-|0.0000|+|0|+|0.00000000|no_image.jpg"
12442;"Комплект: бюстгальтер пуш-ап и трусики стринги Kinga 2384 Lila push-up";0;"select|Размер|75A|1|10|0|-|0.0000|+|0|+|0.00000000|no_image.jpg
select|Размер|70A|1|10|0|-|0.0000|+|0|+|0.00000000|no_image.jpg
select|Размер|S(36)|1|10|0|-|0.0000|+|0|+|0.00000000|no_image.jpg
select|Размер|M(38)|1|10|0|-|0.0000|+|0|+|0.00000000|no_image.jpg
image|Цвет|Экри|1|10|0|-|0.0000|+|0|+|0.00000000|data/colors/jekri.jpg"
12443;"Комплект: бюстгальтер пуш-ап и трусики стринги Kinga 247 Malaga";1;"select|Размер|70C|1|10|1|+|0.0000|+|0|+|0.00000000|no_image.jpg
select|Размер|M(38)|1|1|1|+|0.0000|+|0|+|0.00000000|no_image.jpg"
12444;"Комплект: бюстгальтер пуш-ап и трусики стринги Kinga 2496 Palace";1;"select|Размер|75B|1|1|1|+|0.0000|+|0|+|0.00000000|no_image.jpg
select|Размер|L(40)|1|10|1|+|0.0000|+|0|+|0.00000000|no_image.jpg
select|Размер|S(36)|1|10|0|-|0.0000|+|0|+|0.00000000|no_image.jpg
select|Размер|M(38)|1|10|0|-|0.0000|+|0|+|0.00000000|no_image.jpg"
12445;"Комплект: бюстгальтер пуш-ап и трусики стринги Kinga 2500 End";1;"select|Размер|75C|1|10|0|-|0.0000|+|0|+|0.00000000|no_image.jpg
select|Размер|75B|1|10|0|-|0.0000|+|0|+|0.00000000|no_image.jpg
select|Размер|S(36)|1|1|1|+|0.0000|+|0|+|0.00000000|no_image.jpg
select|Размер|M(38)|1|1|1|+|0.0000|+|0|+|0.00000000|no_image.jpg"
12446;"Комплект: бюстгальтер пуш-ап и трусики стринги Kinga 2524 Vivienne";1;"select|Размер|75C|1|1|1|+|0.0000|+|0|+|0.00000000|no_image.jpg
select|Размер|S(36)|1|10|0|-|0.0000|+|0|+|0.00000000|no_image.jpg
select|Размер|M(38)|1|10|0|-|0.0000|+|0|+|0.00000000|no_image.jpg"
12447;"Комплект ""леопардовый"": бюстгальтер пуш-ап и трусики стринги Kinga 272 Cannes";1;"select|Размер|85C|1|10|0|-|0.0000|+|0|+|0.00000000|no_image.jpg
select|Размер|85B|1|10|0|-|0.0000|+|0|+|0.00000000|no_image.jpg
select|Размер|75D|1|10|0|-|0.0000|+|0|+|0.00000000|no_image.jpg
select|Размер|75C|1|10|0|-|0.0000|+|0|+|0.00000000|no_image.jpg
select|Размер|75B|1|10|0|-|0.0000|+|0|+|0.00000000|no_image.jpg
select|Размер|75A|1|10|0|-|0.0000|+|0|+|0.00000000|no_image.jpg
select|Размер|70C|1|10|0|-|0.0000|+|0|+|0.00000000|no_image.jpg
select|Размер|70B|1|10|0|-|0.0000|+|0|+|0.00000000|no_image.jpg
select|Размер|70A|1|10|0|-|0.0000|+|0|+|0.00000000|no_image.jpg
select|Размер|L(40)|1|5|1|+|0.0000|+|0|+|0.00000000|no_image.jpg
select|Размер|XL(42)|1|5|1|+|0.0000|+|0|+|0.00000000|no_image.jpg
select|Размер|S(36)|1|5|1|+|0.0000|+|0|+|0.00000000|no_image.jpg
select|Размер|M(38)|1|5|1|+|0.0000|+|0|+|0.00000000|no_image.jpg"
12448;"Комплект: бюстгальтер пуш-ап и трусик стринги Kinga 321 Code I";1;"select|Размер|75B|1|1|1|+|0.0000|+|0|+|0.00000000|no_image.jpg
select|Размер|L(40)|1|10|0|+|0.0000|+|0|+|0.00000000|no_image.jpg
select|Размер|M(38)|1|10|0|+|0.0000|+|0|+|0.00000000|no_image.jpg"
12449;"Комплект: мягкий бюстгальтер и трусики бикини Kinga 326 Miracle";1;"select|Размер|80C|1|10|0|+|0.0000|+|0|+|0.00000000|no_image.jpg
select|Размер|75D|1|10|0|+|0.0000|+|0|+|0.00000000|no_image.jpg
select|Размер|S(36)|1|1|1|+|0.0000|+|0|+|0.00000000|no_image.jpg
select|Размер|M(38)|1|10|1|+|0.0000|+|0|+|0.00000000|no_image.jpg"
12450;"Комплект ""леопардовый"": полумягкий бюстгальтер и трусики слип Kinga SV 274 Cannes";1;"select|Размер|85D|1|1|1|+|0.0000|+|0|+|0.00000000|no_image.jpg
select|Размер|L(40)|1|10|0|-|0.0000|+|0|+|0.00000000|no_image.jpg
select|Размер|XL(42)|1|10|0|+|0.0000|+|0|+|0.00000000|no_image.jpg
select|Размер|M(38)|1|10|0|-|0.0000|+|0|+|0.00000000|no_image.jpg"
12452;"Комплект: полумягкий бюстгальтер и трусики бикини Konrad Viki 02";0;"select|Размер|90D|1|10|0|-|0.0000|+|0|+|0.00000000|no_image.jpg
select|Размер|80F|1|10|0|-|0.0000|+|0|+|0.00000000|no_image.jpg
select|Размер|L(40)|1|10|0|-|0.0000|+|0|+|0.00000000|no_image.jpg
select|Размер|XL(42)|1|10|0|-|0.0000|+|0|+|0.00000000|no_image.jpg"
12453;"Кружевной комплект: мягкий бюстгальтер и трусики стринги-шорты Kris line Amanda";1;"select|Размер|95C|1|10|0|-|0.0000|+|0|+|0.00000000|no_image.jpg
select|Размер|90C|1|10|0|-|0.0000|+|0|+|0.00000000|no_image.jpg
select|Размер|85E|1|10|0|-|0.0000|+|0|+|0.00000000|no_image.jpg
select|Размер|85D|1|10|0|-|0.0000|+|0|+|0.00000000|no_image.jpg
select|Размер|85C|1|10|0|-|0.0000|+|0|+|0.00000000|no_image.jpg
select|Размер|L(40)|1|1|1|+|0.0000|+|0|+|0.00000000|no_image.jpg
select|Размер|XL(42)|1|1|1|+|0.0000|+|0|+|0.00000000|no_image.jpg"
12454;"Комплект: бюстгальтер пуш-ап и трусики стринги-шорты Kris line Valentina";1;"select|Размер|75B|1|1|1|+|0.0000|+|0|+|0.00000000|no_image.jpg
select|Размер|S(36)|1|10|0|-|0.0000|+|0|+|0.00000000|no_image.jpg
select|Размер|M(38)|1|10|1|+|0.0000|+|0|+|0.00000000|no_image.jpg"
12456;"Хлопковый комплект: мягкий бюстгальтер для кормления и трусики слип Alles Mama Roxy";1;"select|Размер|80B|1|10|0|-|0.0000|+|0|+|0.00000000|no_image.jpg
select|Размер|XL(42)|1|10|0|-|0.0000|+|0|+|0.00000000|no_image.jpg"
12458;"Кружевной корсет с пажами для чулок Alles Patricia push-up";1;"select|Размер|70D|1|10|0|-|0.0000|+|0|+|0.00000000|no_image.jpg
image|Цвет|Белый|1|10|0|-|0.0000|+|0|+|0.00000000|data/colors/white.jpg"
12459;"Кружевная женская блузка Eldar Paulina";1;"select|Размер|S(36)|1|10|0|-|0.0000|+|0|+|0.00000000|no_image.jpg
image|Цвет|Черный|1|10|0|-|0.0000|+|0|+|0.00000000|data/colors/black.jpg"
12460;"Купальник раздельный с уплотнённой чашкой Charmante Claret";1;select|Размер|42C|1|10|0|-|0.0000|+|0|+|0.00000000|no_image.jpg
12461;"Купальник раздельный Charmante Meilin";1;select|Размер|40B|1|10|0|-|0.0000|+|0|+|0.00000000|no_image.jpg
12462;"Купальник раздельный Charmante Padma";1;select|Размер|38B|1|10|0|-|0.0000|+|0|+|0.00000000|no_image.jpg
12463;"Купальник раздельный Charmante Symyn";1;select|Размер|38B|1|10|0|-|0.0000|+|0|+|0.00000000|no_image.jpg
12464;"Плотные женские леггинсы Marilyn Legginsy Classic 969";1;"select|Размер|S/M|1|10|0|-|0.0000|+|0|+|0.00000000|no_image.jpg
image|Цвет|Розовый 2|1|10|0|-|0.0000|+|0|+|0.00000000|data/colors/magenta.jpg"
12466;"Бархатистые женские леггинсы Marilyn Legginsy Velvet 854";1;"select|Размер|S/M|1|10|1|+|0.0000|+|0|+|0.00000000|no_image.jpg
image|Цвет|Темно-синий|1|10|0|-|0.0000|+|0|+|0.00000000|data/colors/temno-sinij.jpg"
12467;"Теплые стильные женские леггинсы Mona leggins Dovre";1;select|Размер|1/2|1|10|0|-|0.0000|+|0|+|0.00000000|no_image.jpg
12468;"Цветные женские леггинсы с манжетами Mona leggins Tove 07";1;"select|Размер|3/4|1|10|0|-|0.0000|+|0|+|0.00000000|no_image.jpg
select|Размер|1/2|1|10|0|-|0.0000|+|0|+|0.00000000|no_image.jpg"
12469;"Хлопковый легкий женский халат Dobranocka 2053 SBL light blue";1;"image|Цвет|Лазурный|1|10|0|+|0.0000|+|0|+|0.00000000|data/colors/lazurnyj.jpg
select|Размер|XL(42)|1|10|1|+|0.0000|+|0|+|0.00000000|no_image.jpg"
12472;"Мужские трусы боксеры Charmante 770107";1;"image|Цвет|Белый|1|10|0|-|0.0000|+|0|+|0.00000000|data/colors/white.jpg
select|Размер|L(50)|1|10|0|-|0.0000|+|0|+|0.00000000|no_image.jpg
select|Размер|S(46)|1|10|0|-|0.0000|+|0|+|0.00000000|no_image.jpg
select|Размер|XL(52)|1|10|0|-|0.0000|+|0|+|0.00000000|no_image.jpg"
12473;"Мужские трусы боксеры Charmante 770108";0;"image|Цвет|Черный|1|10|0|-|0.0000|+|0|+|0.00000000|data/colors/black.jpg
select|Размер|S(46)|1|10|0|-|0.0000|+|0|+|0.00000000|no_image.jpg"
12474;"Мужские трусы боксеры Fabio 01/1-13";1;"image|Цвет|Черный|1|10|0|-|0.0000|+|0|+|0.00000000|data/colors/black.jpg
select|Размер|M(38)|1|10|0|-|0.0000|+|0|+|0.00000000|no_image.jpg"
12475;"Мужские трусы боксеры Fabio 01/1-14";1;"image|Цвет|Черный|1|10|0|-|0.0000|+|0|+|0.00000000|data/colors/black.jpg
select|Размер|M(38)|1|10|0|-|0.0000|+|0|+|0.00000000|no_image.jpg"
12476;"Мужские трусы боксеры Fabio 02/1-13/328";1;select|Размер|M(38)|1|10|0|-|0.0000|+|0|+|0.00000000|no_image.jpg
12477;"Мужские трусы боксеры Fabio 02/1-14/343";1;select|Размер|L(40)|1|10|0|-|0.0000|+|0|+|0.00000000|no_image.jpg
12478;"Мужские трусы боксеры Fabio 02/1-14/456";1;select|Размер|L(40)|1|10|0|-|0.0000|+|0|+|0.00000000|no_image.jpg
12480;"Женская пижама из мягкой вискозы Vanilla 2131";1;"select|Размер|L(40)|1|10|0|-|0.0000|+|0|+|0.00000000|no_image.jpg
image|Цвет|Кремовый|1|10|0|-|0.0000|+|0|+|0.00000000|data/colors/kremovyj.jpg"
12482;"Мягкий хлопковый бюстгальтер Alles Mama Roxy";1;select|Размер|80B|1|10|0|-|0.0000|+|0|+|0.00000000|no_image.jpg
12485;"Мягкий бюстгальтер с кружевом для кормления Alles Mama New";1;"image|Цвет|Белый|1|10|0|-|0.0000|+|0|+|0.00000000|data/colors/white.jpg
select|Размер|85B|1|10|0|-|0.0000|+|0|+|0.00000000|no_image.jpg"
12486;"Носки Bellezza 20 (2 пары в упак.)";0;"image|Цвет|Черный|1|10|0|-|0.0000|+|0|+|0.00000000|data/colors/black.jpg
image|Цвет|Телесный светлый|1|10|0|-|0.0000|+|0|+|0.00000000|data/colors/telesny_svetlyi.jpg
image|Цвет|Телесный с дымчатым оттенком|1|10|0|-|0.0000|+|0|+|0.00000000|data/colors/telesny_dym.jpg
image|Цвет|Телесный натуральный|1|10|0|-|0.0000|+|0|+|0.00000000|data/colors/telesnyj_naturalnyj.jpg"
12488;"Женские тёплые леггинсы Charmante BASETTA";1;"image|Цвет|Антрацит|1|10|0|-|0.0000|+|0|+|0.00000000|data/colors/antracit.jpg
select|Размер|1/2|1|10|0|-|0.0000|+|0|+|0.00000000|no_image.jpg"
12489;"Женские париджины (получулки) Charmante Tinctoria 20";1;"select|Размер|S/M|1|0|0|-|0.0000|+|0|+|0.00000000|no_image.jpg
select|Размер|L/XL|1|0|0|-|0.0000|+|0|+|0.00000000|no_image.jpg
image|Цвет|Черный|1|0|0|-|0.0000|+|0|+|0.00000000|data/colors/black.jpg
image|Цвет|Телесный загар|1|0|0|-|0.0000|+|0|+|0.00000000|data/colors/telesnyj_zagar.jpg"
12490;"Женская пижама из мягкой вискозы Vanilla 2149";1;"image|Цвет|Капучино|1|10|0|-|0.0000|+|0|+|0.00000000|data/colors/cappucino.jpg
select|Размер|L(40)|1|10|0|-|0.0000|+|0|+|0.00000000|no_image.jpg"
12491;"Плавки VCL311309";0;"image|Цвет|Фиолетовый|1|10|0|-|0.0000|+|0|+|0.00000000|data/colors/fioletovyj.jpg
image|Цвет|Голубой|1|10|0|-|0.0000|+|0|+|0.00000000|data/colors/goluboj.jpg
select|Размер|38|1|10|0|-|0.0000|+|0|+|0.00000000|no_image.jpg
select|Размер|36|1|10|0|-|0.0000|+|0|+|0.00000000|no_image.jpg"
12492;"Женские плавки бразилиано VTY311310";1;"image|Цвет|Фиолетовый|1|0|0|-|0.0000|+|0|+|0.00000000|data/colors/fioletovyj.jpg
select|Размер|36|1|0|0|-|0.0000|+|0|+|0.00000000|no_image.jpg"
12493;"Полупрозрачная пляжная юбка-сарафан Charmante Messalina";1;select|Размер|36|1|10|0|-|0.0000|+|0|+|0.00000000|no_image.jpg
12494;"Полупрозрачное пляжное платье с цветочным рисунком Charmante Victoriana";1;select|Размер|36/38|1|10|0|-|0.0000|+|0|+|0.00000000|no_image.jpg
12495;"Роскошный кружевной пояс для чулок Corin Charlotte 09841";1;"image|Цвет|Белый|1|10|0|-|0.0000|+|0|+|0.00000000|data/colors/white.jpg
select|Размер|M(38)|1|10|0|-|0.0000|+|0|+|0.00000000|no_image.jpg"
12498;"Фантазийные свадебные колготы в горошек Adrian Pips 20";1;"select|Размер|2|1|10|0|-|0.0000|+|0|+|0.00000000|no_image.jpg
image|Цвет|Белый|1|10|0|-|0.0000|+|0|+|0.00000000|data/colors/white.jpg"
12499;"Фантазийные свадебные чулки Adrian Carnival 20 den";1;"select|Размер|1/2|1|10|0|-|0.0000|+|0|+|0.00000000|no_image.jpg
image|Цвет|Белый|1|10|0|-|0.0000|+|0|+|0.00000000|data/colors/white.jpg"
12500;"Фантазийные свадебные чулки Adrian Feeling 20";1;"select|Размер|1/2|1|10|0|-|0.0000|+|0|+|0.00000000|no_image.jpg
image|Цвет|Белый|1|10|0|-|0.0000|+|0|+|0.00000000|data/colors/white.jpg"
12501;"Фантазийные свадебные чулки Adrian Vintage 20";1;"select|Размер|1/2|1|10|0|-|0.0000|+|0|+|0.00000000|no_image.jpg
image|Цвет|Белый|1|10|0|-|0.0000|+|0|+|0.00000000|data/colors/white.jpg"
12502;"Чулки с роскошной кружевной коронкой Adrian Vivian 20";0;"select|Размер|1/2|1|10|0|-|0.0000|+|0|+|0.00000000|no_image.jpg
image|Цвет|Белый|1|10|1|+|0.0000|+|0|+|0.00000000|data/colors/white.jpg"
12503;"Женская шелковистая ночнушка с кружевом Kinga 2656 Modern";1;"select|Размер|XL(42)|1|10|1|+|0.0000|+|0|+|0.00000000|no_image.jpg
select|Размер|S(36)|1|10|0|-|0.0000|+|0|+|0.00000000|no_image.jpg
select|Размер|M(38)|1|10|1|+|0.0000|+|0|+|0.00000000|no_image.jpg"
12504;"Женская кружевная сорочка из мягкой вискозы Shato 071";1;"select|Размер|S(36)|1|10|0|-|0.0000|+|0|+|0.00000000|no_image.jpg
image|Цвет|Светло-серый|1|10|0|-|0.0000|+|0|+|0.00000000|data/colors/svetloseriy.jpg"
12505;"Женская ночная сорочка с тонким изящным кружевом Shato 400";1;"select|Размер|S(36)|1|10|0|-|0.0000|+|0|+|0.00000000|no_image.jpg
image|Цвет|Бирюза|1|10|0|-|0.0000|+|0|+|0.00000000|data/colors/biruza.jpg"
12507;"Нежная женская кружевная ночнушка Shato 413 pink";1;"select|Размер|S(36)|1|10|0|-|0.0000|+|0|+|0.00000000|no_image.jpg
select|Размер|M(38)|1|10|0|-|0.0000|+|0|+|0.00000000|no_image.jpg
image|Цвет|Розовый 2|1|10|0|-|0.0000|+|0|+|0.00000000|data/colors/magenta.jpg"
12508;"Хлопковая ночнушка для беременных и кормящих мам плюс ""царапки"" Alles Mama Cleo 01";1;select|Размер|M(38)|1|10|0|-|0.0000|+|0|+|0.00000000|no_image.jpg
12509;"Хлопковая ночнушка с атласным лифом Vanilla 138";1;"select|Размер|S(36)|1|10|0|-|0.0000|+|0|+|0.00000000|no_image.jpg
select|Размер|M(38)|1|10|0|-|0.0000|+|0|+|0.00000000|no_image.jpg"
12510;"Женская хлопковая ночнушка Dobranocka 8008 TM";1;"select|Размер|L(40)|1|10|0|+|0.0000|+|0|+|0.00000000|no_image.jpg
select|Размер|S(36)|1|10|0|+|0.0000|+|0|+|0.00000000|no_image.jpg
select|Размер|M(38)|1|10|0|+|0.0000|+|0|+|0.00000000|no_image.jpg
image|Цвет|Серый меланж|1|10|0|+|0.0000|+|0|+|0.00000000|data/colors/gray_melange.jpg"
12513;"Суперпрочные колготки Lora Grig Teo 30 LG";1;"select|Размер|4|1|0|0|-|0.0000|+|0|+|0.00000000|no_image.jpg
select|Размер|3|1|0|0|-|0.0000|+|0|+|0.00000000|no_image.jpg
select|Размер|1/2|1|0|0|-|0.0000|+|0|+|0.00000000|no_image.jpg
image|Цвет|Платиновый|1|0|0|-|0.0000|+|0|+|0.00000000|data/colors/platinovyj.jpg
image|Цвет|Графит|1|0|0|-|0.0000|+|0|+|0.00000000|data/colors/grafit.jpg"
